ENSMUSP,FC
ENSMUSP00000000049,UP
ENSMUSP00000000090,UP
ENSMUSP00000000466,UP
ENSMUSP00000000608,UP
ENSMUSP00000001027,UP
ENSMUSP00000001183,UP
ENSMUSP00000001452,UP
ENSMUSP00000001479,UP
ENSMUSP00000001507,UP
ENSMUSP00000001713,UP
ENSMUSP00000001715,UP
ENSMUSP00000002289,UP
ENSMUSP00000002403,UP
ENSMUSP00000002436,UP
ENSMUSP00000002452,UP
ENSMUSP00000002625,UP
ENSMUSP00000002846,UP
ENSMUSP00000003100,UP
ENSMUSP00000003572,UP
ENSMUSP00000003655,UP
ENSMUSP00000003681,UP
ENSMUSP00000003911,UP
ENSMUSP00000003947,UP
ENSMUSP00000004054,UP
ENSMUSP00000004134,UP
ENSMUSP00000004136,UP
ENSMUSP00000004232,UP
ENSMUSP00000005066,UP
ENSMUSP00000005185,UP
ENSMUSP00000005606,UP
ENSMUSP00000005826,UP
ENSMUSP00000006094,UP
ENSMUSP00000006105,UP
ENSMUSP00000006181,UP
ENSMUSP00000006900,UP
ENSMUSP00000007212,UP
ENSMUSP00000007708,UP
ENSMUSP00000008537,UP
ENSMUSP00000009256,UP
ENSMUSP00000010795,UP
ENSMUSP00000010807,UP
ENSMUSP00000011492,UP
ENSMUSP00000011526,UP
ENSMUSP00000011896,UP
ENSMUSP00000012348,UP
ENSMUSP00000014438,UP
ENSMUSP00000015725,UP
ENSMUSP00000015855,UP
ENSMUSP00000016105,UP
ENSMUSP00000016463,UP
ENSMUSP00000016771,UP
ENSMUSP00000017365,UP
ENSMUSP00000017597,UP
ENSMUSP00000018744,UP
ENSMUSP00000018816,UP
ENSMUSP00000018851,UP
ENSMUSP00000018992,UP
ENSMUSP00000019109,UP
ENSMUSP00000019323,UP
ENSMUSP00000019382,UP
ENSMUSP00000019517,UP
ENSMUSP00000019615,UP
ENSMUSP00000019726,UP
ENSMUSP00000019862,UP
ENSMUSP00000019896,UP
ENSMUSP00000020018,UP
ENSMUSP00000020209,UP
ENSMUSP00000020286,UP
ENSMUSP00000020298,UP
ENSMUSP00000020358,UP
ENSMUSP00000020420,UP
ENSMUSP00000020522,UP
ENSMUSP00000020562,UP
ENSMUSP00000020831,UP
ENSMUSP00000020864,UP
ENSMUSP00000020957,UP
ENSMUSP00000021049,UP
ENSMUSP00000021063,UP
ENSMUSP00000021158,UP
ENSMUSP00000021239,UP
ENSMUSP00000021512,UP
ENSMUSP00000021514,UP
ENSMUSP00000021522,UP
ENSMUSP00000021649,UP
ENSMUSP00000021652,UP
ENSMUSP00000021806,UP
ENSMUSP00000021929,UP
ENSMUSP00000021993,UP
ENSMUSP00000022097,UP
ENSMUSP00000022120,UP
ENSMUSP00000022256,UP
ENSMUSP00000022268,UP
ENSMUSP00000022286,UP
ENSMUSP00000022317,UP
ENSMUSP00000022369,UP
ENSMUSP00000022380,UP
ENSMUSP00000022416,UP
ENSMUSP00000022517,UP
ENSMUSP00000022529,UP
ENSMUSP00000022821,UP
ENSMUSP00000022849,UP
ENSMUSP00000022861,UP
ENSMUSP00000022946,UP
ENSMUSP00000022980,UP
ENSMUSP00000023085,UP
ENSMUSP00000023116,UP
ENSMUSP00000023214,UP
ENSMUSP00000023343,UP
ENSMUSP00000023361,UP
ENSMUSP00000023507,UP
ENSMUSP00000023538,UP
ENSMUSP00000023559,UP
ENSMUSP00000023760,UP
ENSMUSP00000023820,UP
ENSMUSP00000023851,UP
ENSMUSP00000024897,UP
ENSMUSP00000025065,UP
ENSMUSP00000025083,UP
ENSMUSP00000025385,UP
ENSMUSP00000025590,UP
ENSMUSP00000025617,UP
ENSMUSP00000025649,UP
ENSMUSP00000025656,UP
ENSMUSP00000025804,UP
ENSMUSP00000025835,UP
ENSMUSP00000025851,UP
ENSMUSP00000025961,UP
ENSMUSP00000026039,UP
ENSMUSP00000026092,UP
ENSMUSP00000026122,UP
ENSMUSP00000026144,UP
ENSMUSP00000026222,UP
ENSMUSP00000026254,UP
ENSMUSP00000026398,UP
ENSMUSP00000026479,UP
ENSMUSP00000026538,UP
ENSMUSP00000026576,UP
ENSMUSP00000026599,UP
ENSMUSP00000026723,UP
ENSMUSP00000026899,UP
ENSMUSP00000026937,UP
ENSMUSP00000027050,UP
ENSMUSP00000027071,UP
ENSMUSP00000027193,UP
ENSMUSP00000027432,UP
ENSMUSP00000027478,UP
ENSMUSP00000027494,UP
ENSMUSP00000027592,UP
ENSMUSP00000027602,UP
ENSMUSP00000027623,UP
ENSMUSP00000027634,UP
ENSMUSP00000027780,UP
ENSMUSP00000027961,UP
ENSMUSP00000027989,UP
ENSMUSP00000028004,UP
ENSMUSP00000028223,UP
ENSMUSP00000028225,UP
ENSMUSP00000028241,UP
ENSMUSP00000028278,UP
ENSMUSP00000028610,UP
ENSMUSP00000028619,UP
ENSMUSP00000028636,UP
ENSMUSP00000029002,UP
ENSMUSP00000029041,UP
ENSMUSP00000029046,UP
ENSMUSP00000029082,UP
ENSMUSP00000029135,UP
ENSMUSP00000029142,UP
ENSMUSP00000029256,UP
ENSMUSP00000029266,UP
ENSMUSP00000029367,UP
ENSMUSP00000029386,UP
ENSMUSP00000029476,UP
ENSMUSP00000029489,UP
ENSMUSP00000029515,UP
ENSMUSP00000029588,UP
ENSMUSP00000029610,UP
ENSMUSP00000029658,UP
ENSMUSP00000029770,UP
ENSMUSP00000029804,UP
ENSMUSP00000029837,UP
ENSMUSP00000029877,UP
ENSMUSP00000029987,UP
ENSMUSP00000030051,UP
ENSMUSP00000030128,UP
ENSMUSP00000030164,UP
ENSMUSP00000030187,UP
ENSMUSP00000030280,UP
ENSMUSP00000030296,UP
ENSMUSP00000030340,UP
ENSMUSP00000030432,UP
ENSMUSP00000030455,UP
ENSMUSP00000030491,UP
ENSMUSP00000030651,UP
ENSMUSP00000030797,UP
ENSMUSP00000030986,UP
ENSMUSP00000031038,UP
ENSMUSP00000031058,UP
ENSMUSP00000031069,UP
ENSMUSP00000031103,UP
ENSMUSP00000031549,UP
ENSMUSP00000031627,UP
ENSMUSP00000031866,UP
ENSMUSP00000031897,UP
ENSMUSP00000032220,UP
ENSMUSP00000032371,UP
ENSMUSP00000032440,UP
ENSMUSP00000032761,UP
ENSMUSP00000032808,UP
ENSMUSP00000032824,UP
ENSMUSP00000032882,UP
ENSMUSP00000032898,UP
ENSMUSP00000033136,UP
ENSMUSP00000033176,UP
ENSMUSP00000033185,UP
ENSMUSP00000033241,UP
ENSMUSP00000033325,UP
ENSMUSP00000033598,UP
ENSMUSP00000033662,UP
ENSMUSP00000033715,UP
ENSMUSP00000033723,UP
ENSMUSP00000033873,UP
ENSMUSP00000034136,UP
ENSMUSP00000034141,UP
ENSMUSP00000034441,UP
ENSMUSP00000034524,UP
ENSMUSP00000034547,UP
ENSMUSP00000034567,UP
ENSMUSP00000034585,UP
ENSMUSP00000034740,UP
ENSMUSP00000034756,UP
ENSMUSP00000034848,UP
ENSMUSP00000034881,UP
ENSMUSP00000034902,UP
ENSMUSP00000034905,UP
ENSMUSP00000035033,UP
ENSMUSP00000035034,UP
ENSMUSP00000035086,UP
ENSMUSP00000035116,UP
ENSMUSP00000035230,UP
ENSMUSP00000035743,UP
ENSMUSP00000036936,UP
ENSMUSP00000037206,UP
ENSMUSP00000037268,UP
ENSMUSP00000037341,UP
ENSMUSP00000037514,UP
ENSMUSP00000038063,UP
ENSMUSP00000038368,UP
ENSMUSP00000038763,UP
ENSMUSP00000038781,UP
ENSMUSP00000039289,UP
ENSMUSP00000039429,UP
ENSMUSP00000039507,UP
ENSMUSP00000039529,UP
ENSMUSP00000039663,UP
ENSMUSP00000039692,UP
ENSMUSP00000039844,UP
ENSMUSP00000039980,UP
ENSMUSP00000040424,UP
ENSMUSP00000040580,UP
ENSMUSP00000040840,UP
ENSMUSP00000041149,UP
ENSMUSP00000041260,UP
ENSMUSP00000041282,UP
ENSMUSP00000041294,UP
ENSMUSP00000041378,UP
ENSMUSP00000042232,UP
ENSMUSP00000042285,UP
ENSMUSP00000042351,UP
ENSMUSP00000042783,UP
ENSMUSP00000042988,UP
ENSMUSP00000043424,UP
ENSMUSP00000043543,UP
ENSMUSP00000043559,UP
ENSMUSP00000043821,UP
ENSMUSP00000044945,UP
ENSMUSP00000045216,UP
ENSMUSP00000045284,UP
ENSMUSP00000045384,UP
ENSMUSP00000045841,UP
ENSMUSP00000046196,UP
ENSMUSP00000046204,UP
ENSMUSP00000046302,UP
ENSMUSP00000046585,UP
ENSMUSP00000047254,UP
ENSMUSP00000047326,UP
ENSMUSP00000047356,UP
ENSMUSP00000047551,UP
ENSMUSP00000047661,UP
ENSMUSP00000047665,UP
ENSMUSP00000047778,UP
ENSMUSP00000048078,UP
ENSMUSP00000048229,UP
ENSMUSP00000048350,UP
ENSMUSP00000048425,UP
ENSMUSP00000048830,UP
ENSMUSP00000048925,UP
ENSMUSP00000049338,UP
ENSMUSP00000049355,UP
ENSMUSP00000049394,UP
ENSMUSP00000051033,UP
ENSMUSP00000051709,UP
ENSMUSP00000052020,UP
ENSMUSP00000052866,UP
ENSMUSP00000053129,UP
ENSMUSP00000053754,UP
ENSMUSP00000053877,UP
ENSMUSP00000053900,UP
ENSMUSP00000054648,UP
ENSMUSP00000055455,UP
ENSMUSP00000058237,UP
ENSMUSP00000059749,UP
ENSMUSP00000060246,UP
ENSMUSP00000060912,UP
ENSMUSP00000064699,UP
ENSMUSP00000065352,UP
ENSMUSP00000065754,UP
ENSMUSP00000065796,UP
ENSMUSP00000065940,UP
ENSMUSP00000066181,UP
ENSMUSP00000066210,UP
ENSMUSP00000066303,UP
ENSMUSP00000066621,UP
ENSMUSP00000066715,UP
ENSMUSP00000068895,UP
ENSMUSP00000068971,UP
ENSMUSP00000069418,UP
ENSMUSP00000070314,UP
ENSMUSP00000070564,UP
ENSMUSP00000070759,UP
ENSMUSP00000070871,UP
ENSMUSP00000070993,UP
ENSMUSP00000071054,UP
ENSMUSP00000071231,UP
ENSMUSP00000071292,UP
ENSMUSP00000071573,UP
ENSMUSP00000071756,UP
ENSMUSP00000072483,UP
ENSMUSP00000072717,UP
ENSMUSP00000073061,UP
ENSMUSP00000073444,UP
ENSMUSP00000073764,UP
ENSMUSP00000074195,UP
ENSMUSP00000074436,UP
ENSMUSP00000074783,UP
ENSMUSP00000074872,UP
ENSMUSP00000074990,UP
ENSMUSP00000075150,UP
ENSMUSP00000075289,UP
ENSMUSP00000075690,UP
ENSMUSP00000075782,UP
ENSMUSP00000075953,UP
ENSMUSP00000077744,UP
ENSMUSP00000078005,UP
ENSMUSP00000079232,UP
ENSMUSP00000080302,UP
ENSMUSP00000080995,UP
ENSMUSP00000081001,UP
ENSMUSP00000081141,UP
ENSMUSP00000081782,UP
ENSMUSP00000082352,UP
ENSMUSP00000082374,UP
ENSMUSP00000083835,UP
ENSMUSP00000084882,UP
ENSMUSP00000085523,UP
ENSMUSP00000086795,UP
ENSMUSP00000088320,UP
ENSMUSP00000088349,UP
ENSMUSP00000089198,UP
ENSMUSP00000089459,UP
ENSMUSP00000090245,UP
ENSMUSP00000090564,UP
ENSMUSP00000090633,UP
ENSMUSP00000092050,UP
ENSMUSP00000092283,UP
ENSMUSP00000092769,UP
ENSMUSP00000095169,UP
ENSMUSP00000095197,UP
ENSMUSP00000095254,UP
ENSMUSP00000095263,UP
ENSMUSP00000095656,UP
ENSMUSP00000096677,UP
ENSMUSP00000098859,UP
ENSMUSP00000098901,UP
ENSMUSP00000099364,UP
ENSMUSP00000099411,UP
ENSMUSP00000099457,UP
ENSMUSP00000099490,UP
ENSMUSP00000099506,UP
ENSMUSP00000099562,UP
ENSMUSP00000099677,UP
ENSMUSP00000099681,UP
ENSMUSP00000099788,UP
ENSMUSP00000099918,UP
ENSMUSP00000099938,UP
ENSMUSP00000099939,UP
ENSMUSP00000099967,UP
ENSMUSP00000100038,UP
ENSMUSP00000100206,UP
ENSMUSP00000100968,UP
ENSMUSP00000100992,UP
ENSMUSP00000101002,UP
ENSMUSP00000101006,UP
ENSMUSP00000101020,UP
ENSMUSP00000101178,UP
ENSMUSP00000101300,UP
ENSMUSP00000101529,UP
ENSMUSP00000101794,UP
ENSMUSP00000101813,UP
ENSMUSP00000101864,UP
ENSMUSP00000101923,UP
ENSMUSP00000101972,UP
ENSMUSP00000102296,UP
ENSMUSP00000102299,UP
ENSMUSP00000102312,UP
ENSMUSP00000102665,UP
ENSMUSP00000103012,UP
ENSMUSP00000103015,UP
ENSMUSP00000103106,UP
ENSMUSP00000103210,UP
ENSMUSP00000103267,UP
ENSMUSP00000103325,UP
ENSMUSP00000103531,UP
ENSMUSP00000103831,UP
ENSMUSP00000103903,UP
ENSMUSP00000104086,UP
ENSMUSP00000104091,UP
ENSMUSP00000104485,UP
ENSMUSP00000104700,UP
ENSMUSP00000104938,UP
ENSMUSP00000105037,UP
ENSMUSP00000105325,UP
ENSMUSP00000105448,UP
ENSMUSP00000105850,UP
ENSMUSP00000106089,UP
ENSMUSP00000106171,UP
ENSMUSP00000106519,UP
ENSMUSP00000106950,UP
ENSMUSP00000106953,UP
ENSMUSP00000106967,UP
ENSMUSP00000107293,UP
ENSMUSP00000107387,UP
ENSMUSP00000107864,UP
ENSMUSP00000107866,UP
ENSMUSP00000108011,UP
ENSMUSP00000108056,UP
ENSMUSP00000108150,UP
ENSMUSP00000108264,UP
ENSMUSP00000108303,UP
ENSMUSP00000108422,UP
ENSMUSP00000108841,UP
ENSMUSP00000109305,UP
ENSMUSP00000109540,UP
ENSMUSP00000109788,UP
ENSMUSP00000110142,UP
ENSMUSP00000110460,UP
ENSMUSP00000110673,UP
ENSMUSP00000110882,UP
ENSMUSP00000111117,UP
ENSMUSP00000111191,UP
ENSMUSP00000111297,UP
ENSMUSP00000111942,UP
ENSMUSP00000112320,UP
ENSMUSP00000112368,UP
ENSMUSP00000112527,UP
ENSMUSP00000112678,UP
ENSMUSP00000112747,UP
ENSMUSP00000113058,UP
ENSMUSP00000113107,UP
ENSMUSP00000113137,UP
ENSMUSP00000113213,UP
ENSMUSP00000113296,UP
ENSMUSP00000113439,UP
ENSMUSP00000113581,UP
ENSMUSP00000113644,UP
ENSMUSP00000113904,UP
ENSMUSP00000113958,UP
ENSMUSP00000113966,UP
ENSMUSP00000114011,UP
ENSMUSP00000114159,UP
ENSMUSP00000114230,UP
ENSMUSP00000114304,UP
ENSMUSP00000114504,UP
ENSMUSP00000114756,UP
ENSMUSP00000115062,UP
ENSMUSP00000115195,UP
ENSMUSP00000117583,UP
ENSMUSP00000117729,UP
ENSMUSP00000118179,UP
ENSMUSP00000118874,UP
ENSMUSP00000118995,UP
ENSMUSP00000119275,UP
ENSMUSP00000119538,UP
ENSMUSP00000119655,UP
ENSMUSP00000120106,UP
ENSMUSP00000120154,UP
ENSMUSP00000120452,UP
ENSMUSP00000121082,UP
ENSMUSP00000121164,UP
ENSMUSP00000121201,UP
ENSMUSP00000121557,UP
ENSMUSP00000121606,UP
ENSMUSP00000122056,UP
ENSMUSP00000122093,UP
ENSMUSP00000122295,UP
ENSMUSP00000122964,UP
ENSMUSP00000123069,UP
ENSMUSP00000123157,UP
ENSMUSP00000123609,UP
ENSMUSP00000123613,UP
ENSMUSP00000123991,UP
ENSMUSP00000124062,UP
ENSMUSP00000124149,UP
ENSMUSP00000124423,UP
ENSMUSP00000125451,UP
ENSMUSP00000125454,UP
ENSMUSP00000125456,UP
ENSMUSP00000125492,UP
ENSMUSP00000125548,UP
ENSMUSP00000125553,UP
ENSMUSP00000126068,UP
ENSMUSP00000126329,UP
ENSMUSP00000126448,UP
ENSMUSP00000126464,UP
ENSMUSP00000126621,UP
ENSMUSP00000127176,UP
ENSMUSP00000127250,UP
ENSMUSP00000127642,UP
ENSMUSP00000127808,UP
ENSMUSP00000128209,UP
ENSMUSP00000128696,UP
ENSMUSP00000128770,UP
ENSMUSP00000129100,UP
ENSMUSP00000129186,UP
ENSMUSP00000129603,UP
ENSMUSP00000129876,UP
ENSMUSP00000130214,UP
ENSMUSP00000130712,UP
ENSMUSP00000130858,UP
ENSMUSP00000130992,UP
ENSMUSP00000131514,UP
ENSMUSP00000131788,UP
ENSMUSP00000132469,UP
ENSMUSP00000132619,UP
ENSMUSP00000132662,UP
ENSMUSP00000132780,UP
ENSMUSP00000132802,UP
ENSMUSP00000132922,UP
ENSMUSP00000132954,UP
ENSMUSP00000133017,UP
ENSMUSP00000133061,UP
ENSMUSP00000133074,UP
ENSMUSP00000133194,UP
ENSMUSP00000133334,UP
ENSMUSP00000133571,UP
ENSMUSP00000133736,UP
ENSMUSP00000133883,UP
ENSMUSP00000133931,UP
ENSMUSP00000134035,UP
ENSMUSP00000134322,UP
ENSMUSP00000135063,UP
ENSMUSP00000135384,UP
ENSMUSP00000135636,UP
ENSMUSP00000135846,UP
ENSMUSP00000135956,UP
ENSMUSP00000136035,UP
ENSMUSP00000136717,UP
ENSMUSP00000137226,UP
ENSMUSP00000137977,UP
ENSMUSP00000138186,UP
ENSMUSP00000138403,UP
ENSMUSP00000138651,UP
ENSMUSP00000138705,UP
ENSMUSP00000139355,UP
ENSMUSP00000139702,UP
ENSMUSP00000139716,UP
ENSMUSP00000139918,UP
ENSMUSP00000140161,UP
ENSMUSP00000140887,UP
ENSMUSP00000141131,UP
ENSMUSP00000141274,UP
ENSMUSP00000141554,UP
ENSMUSP00000142042,UP
ENSMUSP00000142105,UP
ENSMUSP00000142770,UP
ENSMUSP00000143061,UP
ENSMUSP00000143631,UP
ENSMUSP00000143680,UP
ENSMUSP00000143720,UP
ENSMUSP00000143772,UP
ENSMUSP00000144036,UP
ENSMUSP00000144124,UP
ENSMUSP00000144192,UP
ENSMUSP00000144202,UP
ENSMUSP00000144226,UP
ENSMUSP00000144827,UP
ENSMUSP00000144935,UP
ENSMUSP00000145157,UP
ENSMUSP00000145236,UP
ENSMUSP00000145412,UP
ENSMUSP00000145413,UP
ENSMUSP00000145472,UP
ENSMUSP00000145585,UP
ENSMUSP00000147085,UP
ENSMUSP00000147514,UP
ENSMUSP00000147968,UP
ENSMUSP00000147978,UP
ENSMUSP00000148069,UP
ENSMUSP00000148390,UP
ENSMUSP00000148548,UP
ENSMUSP00000148762,UP
ENSMUSP00000149819,UP
ENSMUSP00000150224,UP
ENSMUSP00000150589,UP
ENSMUSP00000150693,UP
ENSMUSP00000150948,UP
ENSMUSP00000150956,UP
ENSMUSP00000151263,UP
ENSMUSP00000151345,UP
ENSMUSP00000151507,UP
ENSMUSP00000151693,UP
ENSMUSP00000152046,UP
ENSMUSP00000152068,UP
ENSMUSP00000152229,UP
ENSMUSP00000152294,UP
ENSMUSP00000152454,UP
ENSMUSP00000152609,UP
ENSMUSP00000152740,UP
ENSMUSP00000152764,UP
ENSMUSP00000152802,UP
ENSMUSP00000153064,UP
ENSMUSP00000153410,UP
ENSMUSP00000153443,UP
ENSMUSP00000153445,UP
ENSMUSP00000153458,UP
ENSMUSP00000153479,UP
ENSMUSP00000153488,UP
ENSMUSP00000153669,UP
ENSMUSP00000153969,UP
ENSMUSP00000154023,UP
ENSMUSP00000154939,UP
ENSMUSP00000155213,UP
ENSMUSP00000155371,UP
ENSMUSP00000155390,UP
ENSMUSP00000155686,UP
ENSMUSP00000156002,UP
ENSMUSP00000156121,UP
ENSMUSP00000156154,UP
ENSMUSP00000156883,UP
ENSMUSP00000156922,UP
ENSMUSP00000157011,UP
ENSMUSP00000157455,UP
ENSMUSP00000157494,UP
ENSMUSP00000157807,UP
ENSMUSP00000157972,UP
ENSMUSP00000157998,UP
ENSMUSP00000158068,UP
ENSMUSP00000158287,UP
ENSMUSP00000158299,UP
ENSMUSP00000158375,UP
ENSMUSP00000158429,UP
ENSMUSP00000158539,UP
ENSMUSP00000158541,UP
ENSMUSP00000158562,UP
ENSMUSP00000158677,UP
ENSMUSP00000000137,Down
ENSMUSP00000000287,Down
ENSMUSP00000000349,Down
ENSMUSP00000000727,Down
ENSMUSP00000000756,Down
ENSMUSP00000001042,Down
ENSMUSP00000001147,Down
ENSMUSP00000001181,Down
ENSMUSP00000001416,Down
ENSMUSP00000001460,Down
ENSMUSP00000001520,Down
ENSMUSP00000001720,Down
ENSMUSP00000001809,Down
ENSMUSP00000001834,Down
ENSMUSP00000002043,Down
ENSMUSP00000002198,Down
ENSMUSP00000002599,Down
ENSMUSP00000002663,Down
ENSMUSP00000002735,Down
ENSMUSP00000003029,Down
ENSMUSP00000003310,Down
ENSMUSP00000003521,Down
ENSMUSP00000003912,Down
ENSMUSP00000004057,Down
ENSMUSP00000004375,Down
ENSMUSP00000004729,Down
ENSMUSP00000004774,Down
ENSMUSP00000005017,Down
ENSMUSP00000005234,Down
ENSMUSP00000005431,Down
ENSMUSP00000005651,Down
ENSMUSP00000005705,Down
ENSMUSP00000006137,Down
ENSMUSP00000006235,Down
ENSMUSP00000006435,Down
ENSMUSP00000006544,Down
ENSMUSP00000006611,Down
ENSMUSP00000006749,Down
ENSMUSP00000006764,Down
ENSMUSP00000007012,Down
ENSMUSP00000008477,Down
ENSMUSP00000008991,Down
ENSMUSP00000009036,Down
ENSMUSP00000010007,Down
ENSMUSP00000013304,Down
ENSMUSP00000013458,Down
ENSMUSP00000014578,Down
ENSMUSP00000014686,Down
ENSMUSP00000015236,Down
ENSMUSP00000015391,Down
ENSMUSP00000015800,Down
ENSMUSP00000015829,Down
ENSMUSP00000015877,Down
ENSMUSP00000016033,Down
ENSMUSP00000016034,Down
ENSMUSP00000016072,Down
ENSMUSP00000016081,Down
ENSMUSP00000016400,Down
ENSMUSP00000018653,Down
ENSMUSP00000018718,Down
ENSMUSP00000018803,Down
ENSMUSP00000019354,Down
ENSMUSP00000019512,Down
ENSMUSP00000019937,Down
ENSMUSP00000019939,Down
ENSMUSP00000020057,Down
ENSMUSP00000020161,Down
ENSMUSP00000020238,Down
ENSMUSP00000020241,Down
ENSMUSP00000020262,Down
ENSMUSP00000020329,Down
ENSMUSP00000020339,Down
ENSMUSP00000020343,Down
ENSMUSP00000020397,Down
ENSMUSP00000020440,Down
ENSMUSP00000020640,Down
ENSMUSP00000020756,Down
ENSMUSP00000021001,Down
ENSMUSP00000021062,Down
ENSMUSP00000021077,Down
ENSMUSP00000021078,Down
ENSMUSP00000021381,Down
ENSMUSP00000021425,Down
ENSMUSP00000021428,Down
ENSMUSP00000021630,Down
ENSMUSP00000021632,Down
ENSMUSP00000021634,Down
ENSMUSP00000021790,Down
ENSMUSP00000021807,Down
ENSMUSP00000021864,Down
ENSMUSP00000021913,Down
ENSMUSP00000021940,Down
ENSMUSP00000022322,Down
ENSMUSP00000022341,Down
ENSMUSP00000022496,Down
ENSMUSP00000022629,Down
ENSMUSP00000022734,Down
ENSMUSP00000022865,Down
ENSMUSP00000022925,Down
ENSMUSP00000023056,Down
ENSMUSP00000023087,Down
ENSMUSP00000023088,Down
ENSMUSP00000023189,Down
ENSMUSP00000023269,Down
ENSMUSP00000023453,Down
ENSMUSP00000023550,Down
ENSMUSP00000023572,Down
ENSMUSP00000023599,Down
ENSMUSP00000023677,Down
ENSMUSP00000023805,Down
ENSMUSP00000023806,Down
ENSMUSP00000023832,Down
ENSMUSP00000023994,Down
ENSMUSP00000024727,Down
ENSMUSP00000024739,Down
ENSMUSP00000024860,Down
ENSMUSP00000024974,Down
ENSMUSP00000025217,Down
ENSMUSP00000025486,Down
ENSMUSP00000025598,Down
ENSMUSP00000025642,Down
ENSMUSP00000025696,Down
ENSMUSP00000025774,Down
ENSMUSP00000025904,Down
ENSMUSP00000025918,Down
ENSMUSP00000026050,Down
ENSMUSP00000026125,Down
ENSMUSP00000026196,Down
ENSMUSP00000026420,Down
ENSMUSP00000026459,Down
ENSMUSP00000026552,Down
ENSMUSP00000026667,Down
ENSMUSP00000027114,Down
ENSMUSP00000027123,Down
ENSMUSP00000027127,Down
ENSMUSP00000027144,Down
ENSMUSP00000027153,Down
ENSMUSP00000027271,Down
ENSMUSP00000027356,Down
ENSMUSP00000027438,Down
ENSMUSP00000027491,Down
ENSMUSP00000027675,Down
ENSMUSP00000027777,Down
ENSMUSP00000027810,Down
ENSMUSP00000027817,Down
ENSMUSP00000027853,Down
ENSMUSP00000027863,Down
ENSMUSP00000027975,Down
ENSMUSP00000028045,Down
ENSMUSP00000028162,Down
ENSMUSP00000028238,Down
ENSMUSP00000028250,Down
ENSMUSP00000028356,Down
ENSMUSP00000028553,Down
ENSMUSP00000028583,Down
ENSMUSP00000028617,Down
ENSMUSP00000028683,Down
ENSMUSP00000028807,Down
ENSMUSP00000028892,Down
ENSMUSP00000028981,Down
ENSMUSP00000029017,Down
ENSMUSP00000029076,Down
ENSMUSP00000029078,Down
ENSMUSP00000029147,Down
ENSMUSP00000029171,Down
ENSMUSP00000029325,Down
ENSMUSP00000029405,Down
ENSMUSP00000029645,Down
ENSMUSP00000029708,Down
ENSMUSP00000029722,Down
ENSMUSP00000029773,Down
ENSMUSP00000029925,Down
ENSMUSP00000030028,Down
ENSMUSP00000030103,Down
ENSMUSP00000030169,Down
ENSMUSP00000030192,Down
ENSMUSP00000030348,Down
ENSMUSP00000030412,Down
ENSMUSP00000030487,Down
ENSMUSP00000030538,Down
ENSMUSP00000030613,Down
ENSMUSP00000030623,Down
ENSMUSP00000030734,Down
ENSMUSP00000030742,Down
ENSMUSP00000031181,Down
ENSMUSP00000031183,Down
ENSMUSP00000031186,Down
ENSMUSP00000031195,Down
ENSMUSP00000031320,Down
ENSMUSP00000031377,Down
ENSMUSP00000031398,Down
ENSMUSP00000031617,Down
ENSMUSP00000031625,Down
ENSMUSP00000031741,Down
ENSMUSP000000317790,Down
ENSMUSP00000031788,Down
ENSMUSP00000032143,Down
ENSMUSP00000032228,Down
ENSMUSP00000032399,Down
ENSMUSP00000032508,Down
ENSMUSP00000032865,Down
ENSMUSP00000032992,Down
ENSMUSP00000032998,Down
ENSMUSP00000033158,Down
ENSMUSP00000033236,Down
ENSMUSP00000033509,Down
ENSMUSP00000033597,Down
ENSMUSP00000033673,Down
ENSMUSP00000033683,Down
ENSMUSP00000033776,Down
ENSMUSP00000033934,Down
ENSMUSP00000034000,Down
ENSMUSP00000034026,Down
ENSMUSP00000034097,Down
ENSMUSP00000034131,Down
ENSMUSP00000034138,Down
ENSMUSP00000034189,Down
ENSMUSP00000034304,Down
ENSMUSP00000034346,Down
ENSMUSP00000034541,Down
ENSMUSP00000034552,Down
ENSMUSP00000034856,Down
ENSMUSP00000034860,Down
ENSMUSP00000034866,Down
ENSMUSP00000034915,Down
ENSMUSP00000034929,Down
ENSMUSP00000034946,Down
ENSMUSP00000034947,Down
ENSMUSP00000034966,Down
ENSMUSP00000034983,Down
ENSMUSP00000035163,Down
ENSMUSP00000035458,Down
ENSMUSP00000036140,Down
ENSMUSP00000036337,Down
ENSMUSP00000036881,Down
ENSMUSP00000036907,Down
ENSMUSP00000037348,Down
ENSMUSP00000037597,Down
ENSMUSP00000037613,Down
ENSMUSP00000037665,Down
ENSMUSP00000038135,Down
ENSMUSP00000038232,Down
ENSMUSP00000038352,Down
ENSMUSP00000038559,Down
ENSMUSP00000039243,Down
ENSMUSP00000039252,Down
ENSMUSP00000039269,Down
ENSMUSP00000039472,Down
ENSMUSP00000039493,Down
ENSMUSP00000039583,Down
ENSMUSP00000040198,Down
ENSMUSP00000041234,Down
ENSMUSP00000041453,Down
ENSMUSP00000041675,Down
ENSMUSP00000041814,Down
ENSMUSP00000042095,Down
ENSMUSP00000042183,Down
ENSMUSP00000042342,Down
ENSMUSP00000042457,Down
ENSMUSP00000042691,Down
ENSMUSP00000043041,Down
ENSMUSP00000043308,Down
ENSMUSP00000044050,Down
ENSMUSP00000044395,Down
ENSMUSP00000044587,Down
ENSMUSP00000044645,Down
ENSMUSP00000044827,Down
ENSMUSP00000044993,Down
ENSMUSP00000045073,Down
ENSMUSP00000045362,Down
ENSMUSP00000045606,Down
ENSMUSP00000045816,Down
ENSMUSP00000045927,Down
ENSMUSP00000046168,Down
ENSMUSP00000046506,Down
ENSMUSP00000046910,Down
ENSMUSP00000047376,Down
ENSMUSP00000047737,Down
ENSMUSP00000047960,Down
ENSMUSP00000048284,Down
ENSMUSP00000048803,Down
ENSMUSP00000048817,Down
ENSMUSP00000048833,Down
ENSMUSP00000049007,Down
ENSMUSP00000049025,Down
ENSMUSP00000049342,Down
ENSMUSP00000049391,Down
ENSMUSP00000050292,Down
ENSMUSP00000051222,Down
ENSMUSP00000051643,Down
ENSMUSP00000052912,Down
ENSMUSP00000052989,Down
ENSMUSP00000053842,Down
ENSMUSP00000054322,Down
ENSMUSP00000054370,Down
ENSMUSP00000054490,Down
ENSMUSP00000055743,Down
ENSMUSP00000055827,Down
ENSMUSP00000055862,Down
ENSMUSP00000056502,Down
ENSMUSP00000057096,Down
ENSMUSP00000057308,Down
ENSMUSP00000057595,Down
ENSMUSP00000058368,Down
ENSMUSP00000058391,Down
ENSMUSP00000058432,Down
ENSMUSP00000058567,Down
ENSMUSP00000058919,Down
ENSMUSP00000060584,Down
ENSMUSP00000060779,Down
ENSMUSP00000060940,Down
ENSMUSP00000062214,Down
ENSMUSP00000062326,Down
ENSMUSP00000062841,Down
ENSMUSP00000063734,Down
ENSMUSP00000064545,Down
ENSMUSP00000066038,Down
ENSMUSP00000066534,Down
ENSMUSP00000066915,Down
ENSMUSP00000067361,Down
ENSMUSP00000067681,Down
ENSMUSP00000067685,Down
ENSMUSP00000068282,Down
ENSMUSP00000068568,Down
ENSMUSP00000069209,Down
ENSMUSP00000070002,Down
ENSMUSP00000071616,Down
ENSMUSP00000072264,Down
ENSMUSP00000072803,Down
ENSMUSP00000073034,Down
ENSMUSP00000073102,Down
ENSMUSP00000073371,Down
ENSMUSP00000073962,Down
ENSMUSP00000074160,Down
ENSMUSP00000074724,Down
ENSMUSP00000075067,Down
ENSMUSP00000076521,Down
ENSMUSP00000076933,Down
ENSMUSP00000077132,Down
ENSMUSP00000077612,Down
ENSMUSP00000077794,Down
ENSMUSP00000078436,Down
ENSMUSP00000078589,Down
ENSMUSP00000079065,Down
ENSMUSP00000079340,Down
ENSMUSP00000079628,Down
ENSMUSP00000079722,Down
ENSMUSP00000079888,Down
ENSMUSP00000079946,Down
ENSMUSP00000080354,Down
ENSMUSP00000080854,Down
ENSMUSP00000081009,Down
ENSMUSP00000081134,Down
ENSMUSP00000081572,Down
ENSMUSP00000081912,Down
ENSMUSP00000081943,Down
ENSMUSP00000082132,Down
ENSMUSP00000082652,Down
ENSMUSP00000082822,Down
ENSMUSP00000083705,Down
ENSMUSP00000083928,Down
ENSMUSP00000084586,Down
ENSMUSP00000084864,Down
ENSMUSP00000086165,Down
ENSMUSP00000086530,Down
ENSMUSP00000087405,Down
ENSMUSP00000087457,Down
ENSMUSP00000087477,Down
ENSMUSP00000088041,Down
ENSMUSP00000088174,Down
ENSMUSP00000088217,Down
ENSMUSP00000088263,Down
ENSMUSP00000088358,Down
ENSMUSP00000088424,Down
ENSMUSP00000088964,Down
ENSMUSP00000089680,Down
ENSMUSP00000090607,Down
ENSMUSP00000090897,Down
ENSMUSP00000090909,Down
ENSMUSP00000090910,Down
ENSMUSP00000091768,Down
ENSMUSP00000091799,Down
ENSMUSP00000091840,Down
ENSMUSP00000091921,Down
ENSMUSP00000092233,Down
ENSMUSP00000092242,Down
ENSMUSP00000092486,Down
ENSMUSP00000092849,Down
ENSMUSP00000092966,Down
ENSMUSP00000093955,Down
ENSMUSP00000093965,Down
ENSMUSP00000094515,Down
ENSMUSP00000095067,Down
ENSMUSP00000095655,Down
ENSMUSP00000095794,Down
ENSMUSP00000096445,Down
ENSMUSP00000097078,Down
ENSMUSP00000097520,Down
ENSMUSP00000097747,Down
ENSMUSP00000098000,Down
ENSMUSP00000098076,Down
ENSMUSP00000098295,Down
ENSMUSP00000098347,Down
ENSMUSP00000098353,Down
ENSMUSP00000099310,Down
ENSMUSP00000099368,Down
ENSMUSP00000099382,Down
ENSMUSP00000099435,Down
ENSMUSP00000099487,Down
ENSMUSP00000099568,Down
ENSMUSP00000099584,Down
ENSMUSP00000099595,Down
ENSMUSP00000099653,Down
ENSMUSP00000099658,Down
ENSMUSP00000099757,Down
ENSMUSP00000099771,Down
ENSMUSP00000099819,Down
ENSMUSP00000099843,Down
ENSMUSP00000099878,Down
ENSMUSP00000099909,Down
ENSMUSP00000099950,Down
ENSMUSP00000099962,Down
ENSMUSP00000100863,Down
ENSMUSP00000101626,Down
ENSMUSP00000101822,Down
ENSMUSP00000101981,Down
ENSMUSP00000102138,Down
ENSMUSP00000102213,Down
ENSMUSP00000102251,Down
ENSMUSP00000102724,Down
ENSMUSP00000102870,Down
ENSMUSP00000102987,Down
ENSMUSP00000103068,Down
ENSMUSP00000103181,Down
ENSMUSP00000103557,Down
ENSMUSP00000103673,Down
ENSMUSP00000103940,Down
ENSMUSP00000103977,Down
ENSMUSP00000104068,Down
ENSMUSP00000104076,Down
ENSMUSP00000104090,Down
ENSMUSP00000104179,Down
ENSMUSP00000104217,Down
ENSMUSP00000104265,Down
ENSMUSP00000105094,Down
ENSMUSP00000105647,Down
ENSMUSP00000105657,Down
ENSMUSP00000105709,Down
ENSMUSP00000105935,Down
ENSMUSP00000105991,Down
ENSMUSP00000106001,Down
ENSMUSP00000106014,Down
ENSMUSP00000106130,Down
ENSMUSP00000106213,Down
ENSMUSP00000106481,Down
ENSMUSP00000106739,Down
ENSMUSP00000106777,Down
ENSMUSP00000106899,Down
ENSMUSP00000107258,Down
ENSMUSP00000107322,Down
ENSMUSP00000107414,Down
ENSMUSP00000107592,Down
ENSMUSP00000107760,Down
ENSMUSP00000107945,Down
ENSMUSP00000108049,Down
ENSMUSP00000108217,Down
ENSMUSP00000108240,Down
ENSMUSP00000108241,Down
ENSMUSP00000108760,Down
ENSMUSP00000108829,Down
ENSMUSP00000108837,Down
ENSMUSP00000108940,Down
ENSMUSP00000109163,Down
ENSMUSP00000109200,Down
ENSMUSP00000109214,Down
ENSMUSP00000109230,Down
ENSMUSP00000109249,Down
ENSMUSP00000109293,Down
ENSMUSP00000109451,Down
ENSMUSP00000109455,Down
ENSMUSP00000109633,Down
ENSMUSP00000109741,Down
ENSMUSP00000109839,Down
ENSMUSP00000110006,Down
ENSMUSP00000110087,Down
ENSMUSP00000110091,Down
ENSMUSP00000110184,Down
ENSMUSP00000110364,Down
ENSMUSP00000110546,Down
ENSMUSP00000110595,Down
ENSMUSP00000110671,Down
ENSMUSP00000110731,Down
ENSMUSP00000110886,Down
ENSMUSP00000110917,Down
ENSMUSP00000110987,Down
ENSMUSP00000111028,Down
ENSMUSP00000111190,Down
ENSMUSP00000111241,Down
ENSMUSP00000111516,Down
ENSMUSP00000111983,Down
ENSMUSP00000112141,Down
ENSMUSP00000112425,Down
ENSMUSP00000112530,Down
ENSMUSP00000112606,Down
ENSMUSP00000112664,Down
ENSMUSP00000112666,Down
ENSMUSP00000113022,Down
ENSMUSP00000113110,Down
ENSMUSP00000113116,Down
ENSMUSP00000113158,Down
ENSMUSP00000113284,Down
ENSMUSP00000113413,Down
ENSMUSP00000113431,Down
ENSMUSP00000113483,Down
ENSMUSP00000113514,Down
ENSMUSP00000113672,Down
ENSMUSP00000113831,Down
ENSMUSP00000114002,Down
ENSMUSP00000114014,Down
ENSMUSP00000114042,Down
ENSMUSP00000114082,Down
ENSMUSP00000114099,Down
ENSMUSP00000114112,Down
ENSMUSP00000114185,Down
ENSMUSP00000114434,Down
ENSMUSP00000114598,Down
ENSMUSP00000114839,Down
ENSMUSP00000115045,Down
ENSMUSP00000115169,Down
ENSMUSP00000115294,Down
ENSMUSP00000115392,Down
ENSMUSP00000115402,Down
ENSMUSP00000115724,Down
ENSMUSP00000115803,Down
ENSMUSP00000116154,Down
ENSMUSP00000116492,Down
ENSMUSP00000116533,Down
ENSMUSP00000116937,Down
ENSMUSP00000117118,Down
ENSMUSP00000117351,Down
ENSMUSP00000117834,Down
ENSMUSP00000117947,Down
ENSMUSP00000117987,Down
ENSMUSP00000118093,Down
ENSMUSP00000118555,Down
ENSMUSP00000118752,Down
ENSMUSP00000119065,Down
ENSMUSP00000119080,Down
ENSMUSP00000119165,Down
ENSMUSP00000119603,Down
ENSMUSP00000119836,Down
ENSMUSP00000121186,Down
ENSMUSP00000121203,Down
ENSMUSP00000121402,Down
ENSMUSP00000121842,Down
ENSMUSP00000122103,Down
ENSMUSP00000123135,Down
ENSMUSP00000123148,Down
ENSMUSP00000123181,Down
ENSMUSP00000123282,Down
ENSMUSP00000123320,Down
ENSMUSP00000123325,Down
ENSMUSP00000123336,Down
ENSMUSP00000123352,Down
ENSMUSP00000123410,Down
ENSMUSP00000123657,Down
ENSMUSP00000123765,Down
ENSMUSP00000123849,Down
ENSMUSP00000123880,Down
ENSMUSP00000124401,Down
ENSMUSP00000124523,Down
ENSMUSP00000124579,Down
ENSMUSP00000124935,Down
ENSMUSP00000125104,Down
ENSMUSP00000125309,Down
ENSMUSP00000125594,Down
ENSMUSP00000125763,Down
ENSMUSP00000125806,Down
ENSMUSP00000125977,Down
ENSMUSP00000126067,Down
ENSMUSP00000126120,Down
ENSMUSP00000126294,Down
ENSMUSP00000126407,Down
ENSMUSP00000126451,Down
ENSMUSP00000127034,Down
ENSMUSP00000127115,Down
ENSMUSP00000127198,Down
ENSMUSP00000127281,Down
ENSMUSP00000127526,Down
ENSMUSP00000127539,Down
ENSMUSP00000127593,Down
ENSMUSP00000127641,Down
ENSMUSP00000127783,Down
ENSMUSP00000127859,Down
ENSMUSP00000128249,Down
ENSMUSP00000128290,Down
ENSMUSP00000128428,Down
ENSMUSP00000128891,Down
ENSMUSP00000128915,Down
ENSMUSP00000129072,Down
ENSMUSP00000129120,Down
ENSMUSP00000129175,Down
ENSMUSP00000129378,Down
ENSMUSP00000129714,Down
ENSMUSP00000129730,Down
ENSMUSP00000130195,Down
ENSMUSP00000130313,Down
ENSMUSP00000130367,Down
ENSMUSP00000130583,Down
ENSMUSP00000131262,Down
ENSMUSP00000131323,Down
ENSMUSP00000131431,Down
ENSMUSP00000131458,Down
ENSMUSP00000131474,Down
ENSMUSP00000131489,Down
ENSMUSP00000132480,Down
ENSMUSP00000132590,Down
ENSMUSP00000132614,Down
ENSMUSP00000133135,Down
ENSMUSP00000133144,Down
ENSMUSP00000133166,Down
ENSMUSP00000133282,Down
ENSMUSP00000133475,Down
ENSMUSP00000133521,Down
ENSMUSP00000133694,Down
ENSMUSP00000133728,Down
ENSMUSP00000134023,Down
ENSMUSP00000134071,Down
ENSMUSP00000134102,Down
ENSMUSP00000134178,Down
ENSMUSP00000134327,Down
ENSMUSP00000134422,Down
ENSMUSP00000134682,Down
ENSMUSP00000134699,Down
ENSMUSP00000135611,Down
ENSMUSP00000136042,Down
ENSMUSP00000136104,Down
ENSMUSP00000136357,Down
ENSMUSP00000136363,Down
ENSMUSP00000136436,Down
ENSMUSP00000136496,Down
ENSMUSP00000136524,Down
ENSMUSP00000136527,Down
ENSMUSP00000136557,Down
ENSMUSP00000136967,Down
ENSMUSP00000136987,Down
ENSMUSP00000137071,Down
ENSMUSP00000137309,Down
ENSMUSP00000137362,Down
ENSMUSP00000137411,Down
ENSMUSP00000137440,Down
ENSMUSP00000137461,Down
ENSMUSP00000137503,Down
ENSMUSP00000137542,Down
ENSMUSP00000137631,Down
ENSMUSP00000137780,Down
ENSMUSP00000138399,Down
ENSMUSP00000138980,Down
ENSMUSP00000139075,Down
ENSMUSP00000139571,Down
ENSMUSP00000139739,Down
ENSMUSP00000139941,Down
ENSMUSP00000140016,Down
ENSMUSP00000140250,Down
ENSMUSP00000140276,Down
ENSMUSP00000140657,Down
ENSMUSP00000140818,Down
ENSMUSP00000140832,Down
ENSMUSP00000140858,Down
ENSMUSP00000141238,Down
ENSMUSP00000141268,Down
ENSMUSP00000141279,Down
ENSMUSP00000141683,Down
ENSMUSP00000141850,Down
ENSMUSP00000142486,Down
ENSMUSP00000142536,Down
ENSMUSP00000143370,Down
ENSMUSP00000143381,Down
ENSMUSP00000143633,Down
ENSMUSP00000143838,Down
ENSMUSP00000144130,Down
ENSMUSP00000144297,Down
ENSMUSP00000144321,Down
ENSMUSP00000144370,Down
ENSMUSP00000144412,Down
ENSMUSP00000144443,Down
ENSMUSP00000144561,Down
ENSMUSP00000144747,Down
ENSMUSP00000144898,Down
ENSMUSP00000145028,Down
ENSMUSP00000145035,Down
ENSMUSP00000145350,Down
ENSMUSP00000145778,Down
ENSMUSP00000146195,Down
ENSMUSP00000146514,Down
ENSMUSP00000146866,Down
ENSMUSP00000146938,Down
ENSMUSP00000146942,Down
ENSMUSP00000147164,Down
ENSMUSP00000147181,Down
ENSMUSP00000147502,Down
ENSMUSP00000147599,Down
ENSMUSP00000147767,Down
ENSMUSP00000147816,Down
ENSMUSP00000147969,Down
ENSMUSP00000148031,Down
ENSMUSP00000148218,Down
ENSMUSP00000148377,Down
ENSMUSP00000148433,Down
ENSMUSP00000148468,Down
ENSMUSP00000148977,Down
ENSMUSP00000149233,Down
ENSMUSP00000149376,Down
ENSMUSP00000149620,Down
ENSMUSP00000149789,Down
ENSMUSP00000149824,Down
ENSMUSP00000150782,Down
ENSMUSP00000151328,Down
ENSMUSP00000151555,Down
ENSMUSP00000151616,Down
ENSMUSP00000151661,Down
ENSMUSP00000151701,Down
ENSMUSP00000151842,Down
ENSMUSP00000151895,Down
ENSMUSP00000152169,Down
ENSMUSP00000152211,Down
ENSMUSP00000152228,Down
ENSMUSP00000152456,Down
ENSMUSP00000152654,Down
ENSMUSP00000152791,Down
ENSMUSP00000153147,Down
ENSMUSP00000153329,Down
ENSMUSP00000153457,Down
ENSMUSP00000153542,Down
ENSMUSP00000154400,Down
ENSMUSP00000154633,Down
ENSMUSP00000154732,Down
ENSMUSP00000154757,Down
ENSMUSP00000154922,Down
ENSMUSP00000155024,Down
ENSMUSP00000155139,Down
ENSMUSP00000155155,Down
ENSMUSP00000155158,Down
ENSMUSP00000155307,Down
ENSMUSP00000155657,Down
ENSMUSP00000155833,Down
ENSMUSP00000156218,Down
ENSMUSP00000156418,Down
ENSMUSP00000156463,Down
ENSMUSP00000156496,Down
ENSMUSP00000156976,Down
ENSMUSP00000157036,Down
ENSMUSP00000157265,Down
ENSMUSP00000157285,Down
ENSMUSP00000157485,Down
ENSMUSP00000157556,Down
ENSMUSP00000157568,Down
ENSMUSP00000157743,Down
ENSMUSP00000157825,Down
ENSMUSP00000157935,Down
ENSMUSP00000158038,Down
ENSMUSP00000158138,Down
ENSMUSP00000158296,Down
ENSMUSP00000158377,Down
ENSMUSP00000158400,Down
ENSMUSP00000158495,Down
ENSMUSP00000158537,Down
ENSMUSP00000158561,Down
ENSMUSP00000158574,Down
ENSMUSP00000158714,Down