ENSMUSG,FC
ENSMUSG00000000028,Down
ENSMUSG00000000127,Down
ENSMUSG00000000247,Down
ENSMUSG00000000266,Down
ENSMUSG00000000708,Down
ENSMUSG00000000804,Down
ENSMUSG00000000838,Down
ENSMUSG00000001095,Down
ENSMUSG00000001166,Down
ENSMUSG00000001323,Down
ENSMUSG00000001542,Down
ENSMUSG00000001741,Down
ENSMUSG00000002058,Down
ENSMUSG00000002265,Down
ENSMUSG00000002489,Down
ENSMUSG00000002699,Down
ENSMUSG00000002831,Down
ENSMUSG00000002881,Down
ENSMUSG00000002944,Down
ENSMUSG00000003053,Down
ENSMUSG00000003134,Down
ENSMUSG00000003617,Down
ENSMUSG00000003623,Down
ENSMUSG00000003721,Down
ENSMUSG00000003847,Down
ENSMUSG00000003929,Down
ENSMUSG00000003992,Down
ENSMUSG00000004317,Down
ENSMUSG00000004552,Down
ENSMUSG00000004642,Down
ENSMUSG00000004698,Down
ENSMUSG00000004891,Down
ENSMUSG00000004951,Down
ENSMUSG00000005124,Down
ENSMUSG00000005233,Down
ENSMUSG00000005410,Down
ENSMUSG00000005893,Down
ENSMUSG00000006777,Down
ENSMUSG00000006800,Down
ENSMUSG00000007655,Down
ENSMUSG00000009633,Down
ENSMUSG00000011305,Down
ENSMUSG00000011831,Down
ENSMUSG00000012519,Down
ENSMUSG00000014850,Down
ENSMUSG00000014905,Down
ENSMUSG00000015224,Down
ENSMUSG00000015355,Down
ENSMUSG00000015357,Down
ENSMUSG00000015533,Down
ENSMUSG00000015733,Down
ENSMUSG00000015755,Down
ENSMUSG00000015766,Down
ENSMUSG00000015882,Down
ENSMUSG00000016458,Down
ENSMUSG00000016487,Down
ENSMUSG00000016495,Down
ENSMUSG00000016496,Down
ENSMUSG00000016756,Down
ENSMUSG00000016918,Down
ENSMUSG00000017132,Down
ENSMUSG00000017176,Down
ENSMUSG00000017485,Down
ENSMUSG00000017639,Down
ENSMUSG00000017858,Down
ENSMUSG00000017868,Down
ENSMUSG00000018819,Down
ENSMUSG00000018900,Down
ENSMUSG00000019232,Down
ENSMUSG00000019320,Down
ENSMUSG00000019577,Down
ENSMUSG00000019856,Down
ENSMUSG00000019874,Down
ENSMUSG00000019878,Down
ENSMUSG00000019916,Down
ENSMUSG00000019917,Down
ENSMUSG00000019935,Down
ENSMUSG00000019945,Down
ENSMUSG00000019975,Down
ENSMUSG00000019989,Down
ENSMUSG00000019996,Down
ENSMUSG00000020037,Down
ENSMUSG00000020070,Down
ENSMUSG00000020120,Down
ENSMUSG00000020123,Down
ENSMUSG00000020130,Down
ENSMUSG00000020137,Down
ENSMUSG00000020335,Down
ENSMUSG00000020340,Down
ENSMUSG00000020381,Down
ENSMUSG00000020435,Down
ENSMUSG00000020467,Down
ENSMUSG00000020492,Down
ENSMUSG00000020516,Down
ENSMUSG00000020589,Down
ENSMUSG00000020590,Down
ENSMUSG00000020614,Down
ENSMUSG00000020620,Down
ENSMUSG00000020634,Down
ENSMUSG00000020641,Down
ENSMUSG00000020642,Down
ENSMUSG00000020669,Down
ENSMUSG00000020776,Down
ENSMUSG00000020889,Down
ENSMUSG00000020982,Down
ENSMUSG00000020993,Down
ENSMUSG00000021057,Down
ENSMUSG00000021065,Down
ENSMUSG00000021187,Down
ENSMUSG00000021226,Down
ENSMUSG00000021228,Down
ENSMUSG00000021268,Down
ENSMUSG00000021270,Down
ENSMUSG00000021282,Down
ENSMUSG00000021364,Down
ENSMUSG00000021367,Down
ENSMUSG00000021390,Down
ENSMUSG00000021482,Down
ENSMUSG00000021556,Down
ENSMUSG00000021589,Down
ENSMUSG00000021611,Down
ENSMUSG00000021624,Down
ENSMUSG00000021638,Down
ENSMUSG00000021668,Down
ENSMUSG00000021669,Down
ENSMUSG00000021676,Down
ENSMUSG00000021699,Down
ENSMUSG00000021704,Down
ENSMUSG00000021708,Down
ENSMUSG00000021767,Down
ENSMUSG00000021789,Down
ENSMUSG00000021820,Down
ENSMUSG00000021838,Down
ENSMUSG00000021870,Down
ENSMUSG00000021895,Down
ENSMUSG00000021969,Down
ENSMUSG00000022003,Down
ENSMUSG00000022013,Down
ENSMUSG00000022025,Down
ENSMUSG00000022041,Down
ENSMUSG00000022092,Down
ENSMUSG00000022130,Down
ENSMUSG00000022148,Down
ENSMUSG00000022149,Down
ENSMUSG00000022255,Down
ENSMUSG00000022292,Down
ENSMUSG00000022325,Down
ENSMUSG00000022329,Down
ENSMUSG00000022339,Down
ENSMUSG00000022364,Down
ENSMUSG00000022377,Down
ENSMUSG00000022403,Down
ENSMUSG00000022494,Down
ENSMUSG00000022504,Down
ENSMUSG00000022505,Down
ENSMUSG00000022512,Down
ENSMUSG00000022550,Down
ENSMUSG00000022591,Down
ENSMUSG00000022601,Down
ENSMUSG00000022615,Down
ENSMUSG00000022636,Down
ENSMUSG00000022763,Down
ENSMUSG00000022769,Down
ENSMUSG00000022770,Down
ENSMUSG00000022788,Down
ENSMUSG00000022853,Down
ENSMUSG00000022884,Down
ENSMUSG00000022894,Down
ENSMUSG00000022901,Down
ENSMUSG00000022911,Down
ENSMUSG00000023019,Down
ENSMUSG00000023031,Down
ENSMUSG00000023078,Down
ENSMUSG00000023147,Down
ENSMUSG00000023272,Down
ENSMUSG00000023284,Down
ENSMUSG00000023960,Down
ENSMUSG00000024018,Down
ENSMUSG00000024065,Down
ENSMUSG00000024070,Down
ENSMUSG00000024109,Down
ENSMUSG00000024151,Down
ENSMUSG00000024155,Down
ENSMUSG00000024238,Down
ENSMUSG00000024253,Down
ENSMUSG00000024290,Down
ENSMUSG00000024331,Down
ENSMUSG00000024384,Down
ENSMUSG00000024423,Down
ENSMUSG00000024480,Down
ENSMUSG00000024511,Down
ENSMUSG00000024524,Down
ENSMUSG00000024580,Down
ENSMUSG00000024691,Down
ENSMUSG00000024789,Down
ENSMUSG00000024869,Down
ENSMUSG00000024913,Down
ENSMUSG00000024924,Down
ENSMUSG00000025002,Down
ENSMUSG00000025004,Down
ENSMUSG00000025006,Down
ENSMUSG00000025044,Down
ENSMUSG00000025060,Down
ENSMUSG00000025094,Down
ENSMUSG00000025194,Down
ENSMUSG00000025195,Down
ENSMUSG00000025255,Down
ENSMUSG00000025257,Down
ENSMUSG00000025268,Down
ENSMUSG00000025316,Down
ENSMUSG00000025323,Down
ENSMUSG00000025396,Down
ENSMUSG00000025504,Down
ENSMUSG00000025507,Down
ENSMUSG00000025531,Down
ENSMUSG00000025742,Down
ENSMUSG00000025766,Down
ENSMUSG00000025862,Down
ENSMUSG00000025885,Down
ENSMUSG00000025887,Down
ENSMUSG00000025903,Down
ENSMUSG00000025920,Down
ENSMUSG00000026017,Down
ENSMUSG00000026222,Down
ENSMUSG00000026317,Down
ENSMUSG00000026343,Down
ENSMUSG00000026348,Down
ENSMUSG00000026395,Down
ENSMUSG00000026399,Down
ENSMUSG00000026415,Down
ENSMUSG00000026482,Down
ENSMUSG00000026484,Down
ENSMUSG00000026494,Down
ENSMUSG00000026536,Down
ENSMUSG00000026565,Down
ENSMUSG00000026575,Down
ENSMUSG00000026594,Down
ENSMUSG00000026614,Down
ENSMUSG00000026622,Down
ENSMUSG00000026648,Down
ENSMUSG00000026669,Down
ENSMUSG00000026696,Down
ENSMUSG00000026721,Down
ENSMUSG00000026723,Down
ENSMUSG00000026768,Down
ENSMUSG00000026771,Down
ENSMUSG00000026778,Down
ENSMUSG00000026779,Down
ENSMUSG00000026781,Down
ENSMUSG00000026853,Down
ENSMUSG00000026866,Down
ENSMUSG00000026872,Down
ENSMUSG00000026890,Down
ENSMUSG00000026946,Down
ENSMUSG00000026950,Down
ENSMUSG00000026981,Down
ENSMUSG00000027004,Down
ENSMUSG00000027009,Down
ENSMUSG00000027082,Down
ENSMUSG00000027109,Down
ENSMUSG00000027165,Down
ENSMUSG00000027171,Down
ENSMUSG00000027194,Down
ENSMUSG00000027199,Down
ENSMUSG00000027201,Down
ENSMUSG00000027206,Down
ENSMUSG00000027210,Down
ENSMUSG00000027217,Down
ENSMUSG00000027242,Down
ENSMUSG00000027296,Down
ENSMUSG00000027514,Down
ENSMUSG00000027534,Down
ENSMUSG00000027550,Down
ENSMUSG00000027639,Down
ENSMUSG00000027669,Down
ENSMUSG00000027695,Down
ENSMUSG00000027708,Down
ENSMUSG00000027762,Down
ENSMUSG00000027763,Down
ENSMUSG00000027796,Down
ENSMUSG00000027810,Down
ENSMUSG00000027820,Down
ENSMUSG00000027858,Down
ENSMUSG00000027959,Down
ENSMUSG00000027965,Down
ENSMUSG00000027981,Down
ENSMUSG00000027993,Down
ENSMUSG00000028008,Down
ENSMUSG00000028019,Down
ENSMUSG00000028028,Down
ENSMUSG00000028044,Down
ENSMUSG00000028104,Down
ENSMUSG00000028128,Down
ENSMUSG00000028133,Down
ENSMUSG00000028134,Down
ENSMUSG00000028180,Down
ENSMUSG00000028186,Down
ENSMUSG00000028188,Down
ENSMUSG00000028218,Down
ENSMUSG00000028268,Down
ENSMUSG00000028282,Down
ENSMUSG00000028354,Down
ENSMUSG00000028358,Down
ENSMUSG00000028383,Down
ENSMUSG00000028385,Down
ENSMUSG00000028389,Down
ENSMUSG00000028399,Down
ENSMUSG00000028402,Down
ENSMUSG00000028456,Down
ENSMUSG00000028464,Down
ENSMUSG00000028484,Down
ENSMUSG00000028494,Down
ENSMUSG00000028496,Down
ENSMUSG00000028556,Down
ENSMUSG00000028576,Down
ENSMUSG00000028654,Down
ENSMUSG00000028715,Down
ENSMUSG00000028719,Down
ENSMUSG00000028788,Down
ENSMUSG00000029009,Down
ENSMUSG00000029029,Down
ENSMUSG00000029108,Down
ENSMUSG00000029156,Down
ENSMUSG00000029161,Down
ENSMUSG00000029167,Down
ENSMUSG00000029185,Down
ENSMUSG00000029201,Down
ENSMUSG00000029209,Down
ENSMUSG00000029270,Down
ENSMUSG00000029279,Down
ENSMUSG00000029298,Down
ENSMUSG00000029299,Down
ENSMUSG00000029314,Down
ENSMUSG00000029417,Down
ENSMUSG00000029469,Down
ENSMUSG00000029571,Down
ENSMUSG00000029603,Down
ENSMUSG00000029630,Down
ENSMUSG00000029657,Down
ENSMUSG00000029673,Down
ENSMUSG00000029676,Down
ENSMUSG00000029752,Down
ENSMUSG00000029761,Down
ENSMUSG00000029762,Down
ENSMUSG00000029787,Down
ENSMUSG00000029798,Down
ENSMUSG00000030051,Down
ENSMUSG00000030064,Down
ENSMUSG00000030137,Down
ENSMUSG00000030149,Down
ENSMUSG00000030213,Down
ENSMUSG00000030256,Down
ENSMUSG00000030342,Down
ENSMUSG00000030378,Down
ENSMUSG00000030393,Down
ENSMUSG00000030469,Down
ENSMUSG00000030499,Down
ENSMUSG00000030509,Down
ENSMUSG00000030532,Down
ENSMUSG00000030562,Down
ENSMUSG00000030616,Down
ENSMUSG00000030643,Down
ENSMUSG00000030659,Down
ENSMUSG00000030717,Down
ENSMUSG00000030759,Down
ENSMUSG00000030772,Down
ENSMUSG00000030795,Down
ENSMUSG00000030806,Down
ENSMUSG00000030847,Down
ENSMUSG00000030968,Down
ENSMUSG00000031023,Down
ENSMUSG00000031024,Down
ENSMUSG00000031075,Down
ENSMUSG00000031093,Down
ENSMUSG00000031150,Down
ENSMUSG00000031176,Down
ENSMUSG00000031229,Down
ENSMUSG00000031242,Down
ENSMUSG00000031255,Down
ENSMUSG00000031256,Down
ENSMUSG00000031298,Down
ENSMUSG00000031355,Down
ENSMUSG00000031380,Down
ENSMUSG00000031403,Down
ENSMUSG00000031433,Down
ENSMUSG00000031527,Down
ENSMUSG00000031548,Down
ENSMUSG00000031557,Down
ENSMUSG00000031570,Down
ENSMUSG00000031586,Down
ENSMUSG00000031595,Down
ENSMUSG00000031596,Down
ENSMUSG00000031613,Down
ENSMUSG00000031626,Down
ENSMUSG00000031639,Down
ENSMUSG00000031645,Down
ENSMUSG00000031661,Down
ENSMUSG00000031878,Down
ENSMUSG00000031907,Down
ENSMUSG00000031965,Down
ENSMUSG00000032000,Down
ENSMUSG00000032006,Down
ENSMUSG00000032024,Down
ENSMUSG00000032028,Down
ENSMUSG00000032064,Down
ENSMUSG00000032115,Down
ENSMUSG00000032253,Down
ENSMUSG00000032267,Down
ENSMUSG00000032307,Down
ENSMUSG00000032313,Down
ENSMUSG00000032349,Down
ENSMUSG00000032380,Down
ENSMUSG00000032384,Down
ENSMUSG00000032561,Down
ENSMUSG00000032688,Down
ENSMUSG00000032712,Down
ENSMUSG00000032715,Down
ENSMUSG00000032827,Down
ENSMUSG00000032898,Down
ENSMUSG00000032902,Down
ENSMUSG00000032925,Down
ENSMUSG00000033066,Down
ENSMUSG00000033102,Down
ENSMUSG00000033107,Down
ENSMUSG00000033111,Down
ENSMUSG00000033182,Down
ENSMUSG00000033282,Down
ENSMUSG00000033350,Down
ENSMUSG00000033577,Down
ENSMUSG00000033581,Down
ENSMUSG00000033618,Down
ENSMUSG00000033676,Down
ENSMUSG00000033855,Down
ENSMUSG00000033871,Down
ENSMUSG00000033883,Down
ENSMUSG00000033898,Down
ENSMUSG00000033904,Down
ENSMUSG00000033910,Down
ENSMUSG00000033970,Down
ENSMUSG00000033972,Down
ENSMUSG00000034007,Down
ENSMUSG00000034071,Down
ENSMUSG00000034083,Down
ENSMUSG00000034163,Down
ENSMUSG00000034218,Down
ENSMUSG00000034258,Down
ENSMUSG00000034459,Down
ENSMUSG00000034473,Down
ENSMUSG00000034560,Down
ENSMUSG00000034620,Down
ENSMUSG00000034640,Down
ENSMUSG00000034758,Down
ENSMUSG00000034795,Down
ENSMUSG00000034799,Down
ENSMUSG00000034903,Down
ENSMUSG00000035161,Down
ENSMUSG00000035173,Down
ENSMUSG00000035236,Down
ENSMUSG00000035299,Down
ENSMUSG00000035311,Down
ENSMUSG00000035397,Down
ENSMUSG00000035472,Down
ENSMUSG00000035509,Down
ENSMUSG00000035566,Down
ENSMUSG00000035597,Down
ENSMUSG00000035770,Down
ENSMUSG00000035836,Down
ENSMUSG00000035840,Down
ENSMUSG00000035864,Down
ENSMUSG00000035868,Down
ENSMUSG00000035910,Down
ENSMUSG00000036019,Down
ENSMUSG00000036053,Down
ENSMUSG00000036168,Down
ENSMUSG00000036181,Down
ENSMUSG00000036214,Down
ENSMUSG00000036273,Down
ENSMUSG00000036304,Down
ENSMUSG00000036333,Down
ENSMUSG00000036353,Down
ENSMUSG00000036362,Down
ENSMUSG00000036381,Down
ENSMUSG00000036469,Down
ENSMUSG00000036499,Down
ENSMUSG00000036503,Down
ENSMUSG00000036572,Down
ENSMUSG00000036641,Down
ENSMUSG00000036676,Down
ENSMUSG00000036743,Down
ENSMUSG00000036764,Down
ENSMUSG00000036957,Down
ENSMUSG00000037001,Down
ENSMUSG00000037029,Down
ENSMUSG00000037032,Down
ENSMUSG00000037096,Down
ENSMUSG00000037157,Down
ENSMUSG00000037234,Down
ENSMUSG00000037270,Down
ENSMUSG00000037286,Down
ENSMUSG00000037355,Down
ENSMUSG00000037379,Down
ENSMUSG00000037440,Down
ENSMUSG00000037541,Down
ENSMUSG00000037617,Down
ENSMUSG00000037643,Down
ENSMUSG00000037709,Down
ENSMUSG00000037712,Down
ENSMUSG00000037731,Down
ENSMUSG00000037808,Down
ENSMUSG00000037826,Down
ENSMUSG00000037849,Down
ENSMUSG00000037860,Down
ENSMUSG00000037921,Down
ENSMUSG00000037922,Down
ENSMUSG00000037940,Down
ENSMUSG00000038127,Down
ENSMUSG00000038147,Down
ENSMUSG00000038179,Down
ENSMUSG00000038233,Down
ENSMUSG00000038323,Down
ENSMUSG00000038344,Down
ENSMUSG00000038393,Down
ENSMUSG00000038526,Down
ENSMUSG00000038539,Down
ENSMUSG00000038546,Down
ENSMUSG00000038599,Down
ENSMUSG00000038608,Down
ENSMUSG00000038664,Down
ENSMUSG00000038679,Down
ENSMUSG00000038702,Down
ENSMUSG00000038754,Down
ENSMUSG00000038768,Down
ENSMUSG00000038843,Down
ENSMUSG00000038936,Down
ENSMUSG00000038954,Down
ENSMUSG00000039031,Down
ENSMUSG00000039086,Down
ENSMUSG00000039145,Down
ENSMUSG00000039166,Down
ENSMUSG00000039167,Down
ENSMUSG00000039217,Down
ENSMUSG00000039220,Down
ENSMUSG00000039239,Down
ENSMUSG00000039264,Down
ENSMUSG00000039298,Down
ENSMUSG00000039304,Down
ENSMUSG00000039323,Down
ENSMUSG00000039497,Down
ENSMUSG00000039585,Down
ENSMUSG00000039620,Down
ENSMUSG00000039628,Down
ENSMUSG00000039697,Down
ENSMUSG00000039735,Down
ENSMUSG00000039738,Down
ENSMUSG00000039763,Down
ENSMUSG00000039765,Down
ENSMUSG00000039782,Down
ENSMUSG00000039842,Down
ENSMUSG00000039967,Down
ENSMUSG00000039968,Down
ENSMUSG00000039982,Down
ENSMUSG00000039997,Down
ENSMUSG00000040035,Down
ENSMUSG00000040127,Down
ENSMUSG00000040253,Down
ENSMUSG00000040254,Down
ENSMUSG00000040264,Down
ENSMUSG00000040270,Down
ENSMUSG00000040359,Down
ENSMUSG00000040380,Down
ENSMUSG00000040536,Down
ENSMUSG00000040592,Down
ENSMUSG00000040724,Down
ENSMUSG00000040740,Down
ENSMUSG00000040760,Down
ENSMUSG00000040774,Down
ENSMUSG00000040785,Down
ENSMUSG00000040828,Down
ENSMUSG00000040829,Down
ENSMUSG00000040841,Down
ENSMUSG00000040929,Down
ENSMUSG00000040936,Down
ENSMUSG00000040978,Down
ENSMUSG00000040998,Down
ENSMUSG00000041044,Down
ENSMUSG00000041119,Down
ENSMUSG00000041180,Down
ENSMUSG00000041219,Down
ENSMUSG00000041258,Down
ENSMUSG00000041261,Down
ENSMUSG00000041293,Down
ENSMUSG00000041353,Down
ENSMUSG00000041361,Down
ENSMUSG00000041426,Down
ENSMUSG00000041483,Down
ENSMUSG00000041540,Down
ENSMUSG00000041594,Down
ENSMUSG00000041685,Down
ENSMUSG00000041698,Down
ENSMUSG00000041731,Down
ENSMUSG00000041773,Down
ENSMUSG00000041782,Down
ENSMUSG00000041836,Down
ENSMUSG00000041912,Down
ENSMUSG00000041930,Down
ENSMUSG00000042041,Down
ENSMUSG00000042104,Down
ENSMUSG00000042202,Down
ENSMUSG00000042213,Down
ENSMUSG00000042271,Down
ENSMUSG00000042302,Down
ENSMUSG00000042331,Down
ENSMUSG00000042348,Down
ENSMUSG00000042439,Down
ENSMUSG00000042473,Down
ENSMUSG00000042500,Down
ENSMUSG00000042743,Down
ENSMUSG00000042790,Down
ENSMUSG00000042817,Down
ENSMUSG00000042842,Down
ENSMUSG00000042851,Down
ENSMUSG00000042874,Down
ENSMUSG00000043068,Down
ENSMUSG00000043183,Down
ENSMUSG00000043262,Down
ENSMUSG00000043263,Down
ENSMUSG00000043384,Down
ENSMUSG00000043418,Down
ENSMUSG00000043542,Down
ENSMUSG00000043602,Down
ENSMUSG00000043629,Down
ENSMUSG00000043631,Down
ENSMUSG00000043687,Down
ENSMUSG00000043832,Down
ENSMUSG00000043909,Down
ENSMUSG00000044033,Down
ENSMUSG00000044037,Down
ENSMUSG00000044139,Down
ENSMUSG00000044229,Down
ENSMUSG00000044367,Down
ENSMUSG00000044393,Down
ENSMUSG00000044501,Down
ENSMUSG00000044566,Down
ENSMUSG00000044629,Down
ENSMUSG00000044712,Down
ENSMUSG00000044734,Down
ENSMUSG00000044827,Down
ENSMUSG00000045205,Down
ENSMUSG00000045287,Down
ENSMUSG00000045312,Down
ENSMUSG00000045467,Down
ENSMUSG00000045733,Down
ENSMUSG00000045790,Down
ENSMUSG00000045817,Down
ENSMUSG00000045822,Down
ENSMUSG00000045827,Down
ENSMUSG00000045868,Down
ENSMUSG00000045932,Down
ENSMUSG00000045954,Down
ENSMUSG00000046031,Down
ENSMUSG00000046111,Down
ENSMUSG00000046159,Down
ENSMUSG00000046169,Down
ENSMUSG00000046311,Down
ENSMUSG00000046404,Down
ENSMUSG00000046432,Down
ENSMUSG00000046532,Down
ENSMUSG00000046743,Down
ENSMUSG00000046753,Down
ENSMUSG00000046916,Down
ENSMUSG00000046997,Down
ENSMUSG00000047473,Down
ENSMUSG00000047496,Down
ENSMUSG00000047517,Down
ENSMUSG00000048240,Down
ENSMUSG00000048330,Down
ENSMUSG00000048368,Down
ENSMUSG00000048388,Down
ENSMUSG00000048410,Down
ENSMUSG00000048424,Down
ENSMUSG00000048495,Down
ENSMUSG00000048572,Down
ENSMUSG00000048728,Down
ENSMUSG00000048938,Down
ENSMUSG00000049038,Down
ENSMUSG00000049103,Down
ENSMUSG00000049109,Down
ENSMUSG00000049191,Down
ENSMUSG00000049470,Down
ENSMUSG00000049536,Down
ENSMUSG00000049555,Down
ENSMUSG00000049685,Down
ENSMUSG00000049940,Down
ENSMUSG00000050050,Down
ENSMUSG00000050271,Down
ENSMUSG00000050423,Down
ENSMUSG00000050445,Down
ENSMUSG00000050587,Down
ENSMUSG00000050860,Down
ENSMUSG00000050931,Down
ENSMUSG00000050965,Down
ENSMUSG00000050994,Down
ENSMUSG00000051037,Down
ENSMUSG00000051041,Down
ENSMUSG00000051076,Down
ENSMUSG00000051341,Down
ENSMUSG00000051359,Down
ENSMUSG00000051674,Down
ENSMUSG00000051855,Down
ENSMUSG00000051977,Down
ENSMUSG00000052013,Down
ENSMUSG00000052085,Down
ENSMUSG00000052133,Down
ENSMUSG00000052302,Down
ENSMUSG00000052316,Down
ENSMUSG00000052392,Down
ENSMUSG00000052407,Down
ENSMUSG00000052496,Down
ENSMUSG00000052504,Down
ENSMUSG00000052516,Down
ENSMUSG00000052520,Down
ENSMUSG00000052539,Down
ENSMUSG00000052562,Down
ENSMUSG00000052563,Down
ENSMUSG00000052595,Down
ENSMUSG00000052676,Down
ENSMUSG00000052688,Down
ENSMUSG00000052707,Down
ENSMUSG00000052794,Down
ENSMUSG00000052914,Down
ENSMUSG00000052920,Down
ENSMUSG00000052942,Down
ENSMUSG00000053012,Down
ENSMUSG00000053063,Down
ENSMUSG00000053219,Down
ENSMUSG00000053347,Down
ENSMUSG00000053414,Down
ENSMUSG00000053453,Down
ENSMUSG00000053819,Down
ENSMUSG00000053846,Down
ENSMUSG00000053886,Down
ENSMUSG00000053964,Down
ENSMUSG00000053965,Down
ENSMUSG00000053985,Down
ENSMUSG00000054072,Down
ENSMUSG00000054181,Down
ENSMUSG00000054203,Down
ENSMUSG00000054226,Down
ENSMUSG00000054417,Down
ENSMUSG00000054422,Down
ENSMUSG00000054519,Down
ENSMUSG00000054630,Down
ENSMUSG00000054640,Down
ENSMUSG00000054641,Down
ENSMUSG00000054737,Down
ENSMUSG00000054764,Down
ENSMUSG00000054855,Down
ENSMUSG00000054889,Down
ENSMUSG00000054893,Down
ENSMUSG00000055067,Down
ENSMUSG00000055069,Down
ENSMUSG00000055240,Down
ENSMUSG00000055313,Down
ENSMUSG00000055817,Down
ENSMUSG00000055884,Down
ENSMUSG00000055897,Down
ENSMUSG00000056050,Down
ENSMUSG00000056133,Down
ENSMUSG00000056144,Down
ENSMUSG00000056260,Down
ENSMUSG00000056383,Down
ENSMUSG00000057069,Down
ENSMUSG00000057113,Down
ENSMUSG00000057133,Down
ENSMUSG00000057228,Down
ENSMUSG00000057335,Down
ENSMUSG00000057596,Down
ENSMUSG00000057835,Down
ENSMUSG00000057858,Down
ENSMUSG00000057933,Down
ENSMUSG00000057982,Down
ENSMUSG00000058093,Down
ENSMUSG00000058152,Down
ENSMUSG00000058163,Down
ENSMUSG00000058192,Down
ENSMUSG00000058331,Down
ENSMUSG00000058587,Down
ENSMUSG00000058672,Down
ENSMUSG00000058706,Down
ENSMUSG00000058799,Down
ENSMUSG00000058934,Down
ENSMUSG00000059027,Down
ENSMUSG00000059142,Down
ENSMUSG00000059474,Down
ENSMUSG00000059669,Down
ENSMUSG00000059708,Down
ENSMUSG00000059834,Down
ENSMUSG00000060002,Down
ENSMUSG00000060090,Down
ENSMUSG00000060131,Down
ENSMUSG00000060149,Down
ENSMUSG00000060227,Down
ENSMUSG00000060314,Down
ENSMUSG00000060429,Down
ENSMUSG00000060441,Down
ENSMUSG00000060487,Down
ENSMUSG00000060771,Down
ENSMUSG00000060904,Down
ENSMUSG00000060923,Down
ENSMUSG00000060935,Down
ENSMUSG00000060961,Down
ENSMUSG00000061136,Down
ENSMUSG00000061167,Down
ENSMUSG00000061411,Down
ENSMUSG00000061533,Down
ENSMUSG00000061544,Down
ENSMUSG00000061665,Down
ENSMUSG00000062545,Down
ENSMUSG00000062609,Down
ENSMUSG00000062624,Down
ENSMUSG00000062743,Down
ENSMUSG00000062861,Down
ENSMUSG00000062949,Down
ENSMUSG00000063172,Down
ENSMUSG00000063245,Down
ENSMUSG00000063286,Down
ENSMUSG00000063663,Down
ENSMUSG00000063704,Down
ENSMUSG00000063810,Down
ENSMUSG00000063894,Down
ENSMUSG00000064061,Down
ENSMUSG00000064141,Down
ENSMUSG00000064179,Down
ENSMUSG00000064225,Down
ENSMUSG00000064356,Down
ENSMUSG00000065037,Down
ENSMUSG00000065947,Down
ENSMUSG00000066000,Down
ENSMUSG00000066153,Down
ENSMUSG00000066154,Down
ENSMUSG00000066258,Down
ENSMUSG00000066319,Down
ENSMUSG00000066553,Down
ENSMUSG00000066677,Down
ENSMUSG00000066800,Down
ENSMUSG00000066829,Down
ENSMUSG00000066877,Down
ENSMUSG00000067158,Down
ENSMUSG00000067219,Down
ENSMUSG00000067225,Down
ENSMUSG00000067916,Down
ENSMUSG00000068115,Down
ENSMUSG00000068130,Down
ENSMUSG00000068196,Down
ENSMUSG00000068245,Down
ENSMUSG00000069045,Down
ENSMUSG00000069094,Down
ENSMUSG00000069495,Down
ENSMUSG00000069733,Down
ENSMUSG00000069743,Down
ENSMUSG00000069793,Down
ENSMUSG00000069892,Down
ENSMUSG00000070034,Down
ENSMUSG00000070336,Down
ENSMUSG00000070594,Down
ENSMUSG00000070605,Down
ENSMUSG00000070806,Down
ENSMUSG00000071042,Down
ENSMUSG00000071204,Down
ENSMUSG00000071226,Down
ENSMUSG00000071266,Down
ENSMUSG00000071267,Down
ENSMUSG00000071335,Down
ENSMUSG00000071350,Down
ENSMUSG00000071456,Down
ENSMUSG00000071633,Down
ENSMUSG00000071655,Down
ENSMUSG00000071719,Down
ENSMUSG00000071793,Down
ENSMUSG00000071796,Down
ENSMUSG00000071856,Down
ENSMUSG00000071893,Down
ENSMUSG00000072082,Down
ENSMUSG00000072294,Down
ENSMUSG00000072572,Down
ENSMUSG00000072623,Down
ENSMUSG00000072647,Down
ENSMUSG00000072762,Down
ENSMUSG00000072884,Down
ENSMUSG00000072949,Down
ENSMUSG00000072964,Down
ENSMUSG00000072969,Down
ENSMUSG00000073176,Down
ENSMUSG00000073427,Down
ENSMUSG00000073460,Down
ENSMUSG00000073489,Down
ENSMUSG00000073491,Down
ENSMUSG00000073647,Down
ENSMUSG00000073678,Down
ENSMUSG00000073834,Down
ENSMUSG00000073842,Down
ENSMUSG00000073902,Down
ENSMUSG00000073940,Down
ENSMUSG00000073985,Down
ENSMUSG00000074283,Down
ENSMUSG00000074398,Down
ENSMUSG00000074472,Down
ENSMUSG00000074634,Down
ENSMUSG00000074715,Down
ENSMUSG00000074896,Down
ENSMUSG00000075025,Down
ENSMUSG00000075415,Down
ENSMUSG00000076609,Down
ENSMUSG00000076617,Down
ENSMUSG00000078349,Down
ENSMUSG00000078452,Down
ENSMUSG00000078495,Down
ENSMUSG00000078496,Down
ENSMUSG00000078546,Down
ENSMUSG00000078606,Down
ENSMUSG00000078622,Down
ENSMUSG00000078650,Down
ENSMUSG00000078672,Down
ENSMUSG00000078673,Down
ENSMUSG00000078674,Down
ENSMUSG00000078675,Down
ENSMUSG00000078680,Down
ENSMUSG00000078683,Down
ENSMUSG00000078688,Down
ENSMUSG00000078771,Down
ENSMUSG00000078773,Down
ENSMUSG00000078784,Down
ENSMUSG00000078817,Down
ENSMUSG00000078853,Down
ENSMUSG00000078862,Down
ENSMUSG00000078866,Down
ENSMUSG00000078870,Down
ENSMUSG00000078875,Down
ENSMUSG00000078878,Down
ENSMUSG00000078891,Down
ENSMUSG00000078903,Down
ENSMUSG00000078921,Down
ENSMUSG00000078922,Down
ENSMUSG00000078937,Down
ENSMUSG00000079049,Down
ENSMUSG00000079065,Down
ENSMUSG00000079293,Down
ENSMUSG00000079363,Down
ENSMUSG00000079419,Down
ENSMUSG00000079737,Down
ENSMUSG00000080058,Down
ENSMUSG00000081207,Down
ENSMUSG00000081665,Down
ENSMUSG00000082292,Down
ENSMUSG00000082361,Down
ENSMUSG00000083899,Down
ENSMUSG00000084350,Down
ENSMUSG00000084915,Down
ENSMUSG00000085028,Down
ENSMUSG00000085282,Down
ENSMUSG00000085527,Down
ENSMUSG00000085615,Down
ENSMUSG00000085622,Down
ENSMUSG00000085826,Down
ENSMUSG00000085929,Down
ENSMUSG00000085977,Down
ENSMUSG00000086165,Down
ENSMUSG00000086212,Down
ENSMUSG00000086219,Down
ENSMUSG00000086231,Down
ENSMUSG00000086332,Down
ENSMUSG00000086390,Down
ENSMUSG00000086494,Down
ENSMUSG00000086507,Down
ENSMUSG00000086629,Down
ENSMUSG00000086670,Down
ENSMUSG00000086771,Down
ENSMUSG00000086782,Down
ENSMUSG00000086813,Down
ENSMUSG00000087107,Down
ENSMUSG00000087404,Down
ENSMUSG00000087413,Down
ENSMUSG00000087579,Down
ENSMUSG00000087644,Down
ENSMUSG00000089774,Down
ENSMUSG00000089857,Down
ENSMUSG00000089873,Down
ENSMUSG00000090090,Down
ENSMUSG00000090093,Down
ENSMUSG00000090222,Down
ENSMUSG00000090272,Down
ENSMUSG00000090306,Down
ENSMUSG00000090386,Down
ENSMUSG00000090639,Down
ENSMUSG00000090641,Down
ENSMUSG00000090659,Down
ENSMUSG00000090667,Down
ENSMUSG00000090877,Down
ENSMUSG00000090942,Down
ENSMUSG00000091144,Down
ENSMUSG00000091649,Down
ENSMUSG00000091764,Down
ENSMUSG00000091780,Down
ENSMUSG00000091864,Down
ENSMUSG00000092008,Down
ENSMUSG00000093938,Down
ENSMUSG00000094152,Down
ENSMUSG00000094410,Down
ENSMUSG00000094638,Down
ENSMUSG00000094786,Down
ENSMUSG00000095315,Down
ENSMUSG00000095403,Down
ENSMUSG00000095562,Down
ENSMUSG00000095648,Down
ENSMUSG00000096054,Down
ENSMUSG00000096401,Down
ENSMUSG00000096674,Down
ENSMUSG00000096688,Down
ENSMUSG00000096696,Down
ENSMUSG00000096856,Down
ENSMUSG00000096971,Down
ENSMUSG00000097039,Down
ENSMUSG00000097047,Down
ENSMUSG00000097048,Down
ENSMUSG00000097061,Down
ENSMUSG00000097073,Down
ENSMUSG00000097164,Down
ENSMUSG00000097203,Down
ENSMUSG00000097345,Down
ENSMUSG00000097375,Down
ENSMUSG00000097451,Down
ENSMUSG00000097574,Down
ENSMUSG00000097691,Down
ENSMUSG00000097730,Down
ENSMUSG00000097811,Down
ENSMUSG00000097974,Down
ENSMUSG00000098014,Down
ENSMUSG00000098404,Down
ENSMUSG00000099034,Down
ENSMUSG00000099519,Down
ENSMUSG00000099889,Down
ENSMUSG00000100005,Down
ENSMUSG00000100039,Down
ENSMUSG00000100235,Down
ENSMUSG00000100826,Down
ENSMUSG00000101304,Down
ENSMUSG00000101397,Down
ENSMUSG00000102533,Down
ENSMUSG00000102602,Down
ENSMUSG00000102627,Down
ENSMUSG00000102982,Down
ENSMUSG00000103183,Down
ENSMUSG00000103392,Down
ENSMUSG00000103509,Down
ENSMUSG00000103672,Down
ENSMUSG00000103680,Down
ENSMUSG00000103901,Down
ENSMUSG00000104156,Down
ENSMUSG00000104204,Down
ENSMUSG00000104213,Down
ENSMUSG00000104344,Down
ENSMUSG00000104348,Down
ENSMUSG00000104459,Down
ENSMUSG00000104664,Down
ENSMUSG00000104713,Down
ENSMUSG00000104918,Down
ENSMUSG00000105096,Down
ENSMUSG00000105315,Down
ENSMUSG00000105504,Down
ENSMUSG00000105556,Down
ENSMUSG00000105837,Down
ENSMUSG00000105881,Down
ENSMUSG00000105909,Down
ENSMUSG00000106874,Down
ENSMUSG00000106928,Down
ENSMUSG00000106951,Down
ENSMUSG00000107096,Down
ENSMUSG00000107143,Down
ENSMUSG00000107198,Down
ENSMUSG00000107320,Down
ENSMUSG00000107516,Down
ENSMUSG00000107881,Down
ENSMUSG00000108181,Down
ENSMUSG00000108368,Down
ENSMUSG00000108425,Down
ENSMUSG00000108659,Down
ENSMUSG00000108822,Down
ENSMUSG00000108969,Down
ENSMUSG00000109222,Down
ENSMUSG00000109291,Down
ENSMUSG00000109473,Down
ENSMUSG00000109536,Down
ENSMUSG00000109612,Down
ENSMUSG00000109841,Down
ENSMUSG00000110105,Down
ENSMUSG00000110277,Down
ENSMUSG00000110344,Down
ENSMUSG00000110353,Down
ENSMUSG00000110393,Down
ENSMUSG00000110397,Down
ENSMUSG00000110411,Down
ENSMUSG00000110597,Down
ENSMUSG00000111118,Down
ENSMUSG00000111375,Down
ENSMUSG00000111429,Down
ENSMUSG00000111594,Down
ENSMUSG00000111709,Down
ENSMUSG00000111740,Down
ENSMUSG00000112006,Down
ENSMUSG00000112023,Down
ENSMUSG00000112148,Down
ENSMUSG00000112545,Down
ENSMUSG00000112599,Down
ENSMUSG00000112615,Down
ENSMUSG00000112690,Down
ENSMUSG00000112771,Down
ENSMUSG00000112774,Down
ENSMUSG00000112920,Down
ENSMUSG00000112964,Down
ENSMUSG00000113063,Down
ENSMUSG00000113311,Down
ENSMUSG00000113399,Down
ENSMUSG00000113581,Down
ENSMUSG00000113683,Down
ENSMUSG00000114247,Down
ENSMUSG00000114370,Down
ENSMUSG00000114425,Down
ENSMUSG00000114627,Down
ENSMUSG00000114828,Down
ENSMUSG00000115200,Down
ENSMUSG00000115300,Down
ENSMUSG00000115852,Down
ENSMUSG00000115919,Down
ENSMUSG00000116270,Down
ENSMUSG00000116284,Down
ENSMUSG00000116802,Down
ENSMUSG00000116810,Down
ENSMUSG00000116993,Down
ENSMUSG00000117038,Down
ENSMUSG00000117084,Down
ENSMUSG00000117284,Down
ENSMUSG00000117485,Down
ENSMUSG00000117494,Down
ENSMUSG00000117780,Down
ENSMUSG00000117809,Down
ENSMUSG00000118017,Down
ENSMUSG00000118049,Down
ENSMUSG00000118053,Down
ENSMUSG00000118125,Down
ENSMUSG00000118168,Down
ENSMUSG00000118423,Down
ENSMUSG00000000154,UP
ENSMUSG00000000184,UP
ENSMUSG00000000301,UP
ENSMUSG00000000305,UP
ENSMUSG00000000317,UP
ENSMUSG00000000791,UP
ENSMUSG00000000916,UP
ENSMUSG00000001053,UP
ENSMUSG00000001054,UP
ENSMUSG00000001227,UP
ENSMUSG00000001240,UP
ENSMUSG00000001249,UP
ENSMUSG00000001288,UP
ENSMUSG00000001313,UP
ENSMUSG00000001418,UP
ENSMUSG00000001436,UP
ENSMUSG00000001467,UP
ENSMUSG00000001473,UP
ENSMUSG00000001506,UP
ENSMUSG00000001663,UP
ENSMUSG00000001665,UP
ENSMUSG00000001751,UP
ENSMUSG00000001918,UP
ENSMUSG00000001946,UP
ENSMUSG00000002068,UP
ENSMUSG00000002332,UP
ENSMUSG00000002379,UP
ENSMUSG00000002416,UP
ENSMUSG00000002580,UP
ENSMUSG00000002804,UP
ENSMUSG00000002820,UP
ENSMUSG00000002871,UP
ENSMUSG00000002980,UP
ENSMUSG00000002983,UP
ENSMUSG00000002984,UP
ENSMUSG00000003032,UP
ENSMUSG00000003038,UP
ENSMUSG00000003190,UP
ENSMUSG00000003206,UP
ENSMUSG00000003279,UP
ENSMUSG00000003348,UP
ENSMUSG00000003380,UP
ENSMUSG00000003500,UP
ENSMUSG00000003526,UP
ENSMUSG00000003534,UP
ENSMUSG00000003541,UP
ENSMUSG00000003970,UP
ENSMUSG00000004038,UP
ENSMUSG00000004040,UP
ENSMUSG00000004100,UP
ENSMUSG00000004341,UP
ENSMUSG00000004768,UP
ENSMUSG00000005078,UP
ENSMUSG00000005161,UP
ENSMUSG00000005251,UP
ENSMUSG00000005299,UP
ENSMUSG00000005483,UP
ENSMUSG00000005547,UP
ENSMUSG00000005980,UP
ENSMUSG00000006014,UP
ENSMUSG00000006057,UP
ENSMUSG00000006221,UP
ENSMUSG00000006315,UP
ENSMUSG00000006344,UP
ENSMUSG00000006360,UP
ENSMUSG00000006378,UP
ENSMUSG00000006390,UP
ENSMUSG00000006442,UP
ENSMUSG00000006456,UP
ENSMUSG00000006494,UP
ENSMUSG00000006517,UP
ENSMUSG00000006575,UP
ENSMUSG00000006711,UP
ENSMUSG00000006728,UP
ENSMUSG00000006732,UP
ENSMUSG00000007033,UP
ENSMUSG00000007564,UP
ENSMUSG00000007594,UP
ENSMUSG00000007610,UP
ENSMUSG00000007646,UP
ENSMUSG00000007817,UP
ENSMUSG00000007872,UP
ENSMUSG00000007892,UP
ENSMUSG00000008035,UP
ENSMUSG00000008140,UP
ENSMUSG00000008435,UP
ENSMUSG00000009013,UP
ENSMUSG00000009292,UP
ENSMUSG00000009563,UP
ENSMUSG00000009614,UP
ENSMUSG00000010307,UP
ENSMUSG00000010601,UP
ENSMUSG00000010651,UP
ENSMUSG00000010663,UP
ENSMUSG00000010797,UP
ENSMUSG00000010936,UP
ENSMUSG00000011263,UP
ENSMUSG00000012017,UP
ENSMUSG00000012428,UP
ENSMUSG00000013495,UP
ENSMUSG00000013629,UP
ENSMUSG00000013646,UP
ENSMUSG00000013707,UP
ENSMUSG00000013846,UP
ENSMUSG00000014606,UP
ENSMUSG00000014633,UP
ENSMUSG00000014773,UP
ENSMUSG00000014776,UP
ENSMUSG00000015085,UP
ENSMUSG00000015312,UP
ENSMUSG00000015335,UP
ENSMUSG00000015337,UP
ENSMUSG00000015396,UP
ENSMUSG00000015451,UP
ENSMUSG00000015468,UP
ENSMUSG00000015478,UP
ENSMUSG00000015575,UP
ENSMUSG00000015599,UP
ENSMUSG00000015605,UP
ENSMUSG00000015647,UP
ENSMUSG00000015850,UP
ENSMUSG00000015943,UP
ENSMUSG00000016637,UP
ENSMUSG00000016758,UP
ENSMUSG00000017390,UP
ENSMUSG00000017677,UP
ENSMUSG00000017713,UP
ENSMUSG00000017723,UP
ENSMUSG00000017737,UP
ENSMUSG00000017754,UP
ENSMUSG00000017774,UP
ENSMUSG00000017778,UP
ENSMUSG00000017969,UP
ENSMUSG00000018042,UP
ENSMUSG00000018339,UP
ENSMUSG00000018459,UP
ENSMUSG00000018486,UP
ENSMUSG00000018585,UP
ENSMUSG00000018648,UP
ENSMUSG00000018677,UP
ENSMUSG00000018845,UP
ENSMUSG00000018932,UP
ENSMUSG00000019054,UP
ENSMUSG00000019080,UP
ENSMUSG00000019139,UP
ENSMUSG00000019158,UP
ENSMUSG00000019297,UP
ENSMUSG00000019564,UP
ENSMUSG00000019590,UP
ENSMUSG00000019689,UP
ENSMUSG00000019768,UP
ENSMUSG00000019822,UP
ENSMUSG00000019883,UP
ENSMUSG00000019947,UP
ENSMUSG00000019960,UP
ENSMUSG00000020018,UP
ENSMUSG00000020038,UP
ENSMUSG00000020057,UP
ENSMUSG00000020087,UP
ENSMUSG00000020099,UP
ENSMUSG00000020131,UP
ENSMUSG00000020142,UP
ENSMUSG00000020150,UP
ENSMUSG00000020153,UP
ENSMUSG00000020205,UP
ENSMUSG00000020219,UP
ENSMUSG00000020224,UP
ENSMUSG00000020225,UP
ENSMUSG00000020331,UP
ENSMUSG00000020357,UP
ENSMUSG00000020388,UP
ENSMUSG00000020420,UP
ENSMUSG00000020423,UP
ENSMUSG00000020424,UP
ENSMUSG00000020429,UP
ENSMUSG00000020477,UP
ENSMUSG00000020538,UP
ENSMUSG00000020593,UP
ENSMUSG00000020601,UP
ENSMUSG00000020649,UP
ENSMUSG00000020653,UP
ENSMUSG00000020656,UP
ENSMUSG00000020684,UP
ENSMUSG00000020689,UP
ENSMUSG00000020698,UP
ENSMUSG00000020733,UP
ENSMUSG00000020806,UP
ENSMUSG00000020823,UP
ENSMUSG00000020830,UP
ENSMUSG00000020832,UP
ENSMUSG00000020843,UP
ENSMUSG00000020877,UP
ENSMUSG00000020895,UP
ENSMUSG00000020899,UP
ENSMUSG00000020917,UP
ENSMUSG00000021025,UP
ENSMUSG00000021091,UP
ENSMUSG00000021102,UP
ENSMUSG00000021108,UP
ENSMUSG00000021133,UP
ENSMUSG00000021200,UP
ENSMUSG00000021208,UP
ENSMUSG00000021222,UP
ENSMUSG00000021250,UP
ENSMUSG00000021252,UP
ENSMUSG00000021259,UP
ENSMUSG00000021273,UP
ENSMUSG00000021290,UP
ENSMUSG00000021361,UP
ENSMUSG00000021493,UP
ENSMUSG00000021613,UP
ENSMUSG00000021670,UP
ENSMUSG00000021701,UP
ENSMUSG00000021747,UP
ENSMUSG00000021750,UP
ENSMUSG00000021760,UP
ENSMUSG00000021765,UP
ENSMUSG00000021773,UP
ENSMUSG00000021830,UP
ENSMUSG00000021866,UP
ENSMUSG00000021904,UP
ENSMUSG00000021908,UP
ENSMUSG00000021922,UP
ENSMUSG00000021943,UP
ENSMUSG00000022057,UP
ENSMUSG00000022094,UP
ENSMUSG00000022129,UP
ENSMUSG00000022174,UP
ENSMUSG00000022217,UP
ENSMUSG00000022218,UP
ENSMUSG00000022219,UP
ENSMUSG00000022220,UP
ENSMUSG00000022223,UP
ENSMUSG00000022236,UP
ENSMUSG00000022305,UP
ENSMUSG00000022351,UP
ENSMUSG00000022408,UP
ENSMUSG00000022463,UP
ENSMUSG00000022476,UP
ENSMUSG00000022508,UP
ENSMUSG00000022534,UP
ENSMUSG00000022540,UP
ENSMUSG00000022546,UP
ENSMUSG00000022551,UP
ENSMUSG00000022552,UP
ENSMUSG00000022554,UP
ENSMUSG00000022557,UP
ENSMUSG00000022558,UP
ENSMUSG00000022559,UP
ENSMUSG00000022560,UP
ENSMUSG00000022561,UP
ENSMUSG00000022574,UP
ENSMUSG00000022623,UP
ENSMUSG00000022679,UP
ENSMUSG00000022756,UP
ENSMUSG00000022760,UP
ENSMUSG00000022762,UP
ENSMUSG00000022856,UP
ENSMUSG00000022946,UP
ENSMUSG00000022951,UP
ENSMUSG00000022962,UP
ENSMUSG00000023020,UP
ENSMUSG00000023030,UP
ENSMUSG00000023034,UP
ENSMUSG00000023036,UP
ENSMUSG00000023044,UP
ENSMUSG00000023050,UP
ENSMUSG00000023051,UP
ENSMUSG00000023067,UP
ENSMUSG00000023073,UP
ENSMUSG00000023087,UP
ENSMUSG00000023259,UP
ENSMUSG00000023262,UP
ENSMUSG00000023274,UP
ENSMUSG00000023345,UP
ENSMUSG00000023367,UP
ENSMUSG00000023393,UP
ENSMUSG00000023805,UP
ENSMUSG00000023828,UP
ENSMUSG00000023832,UP
ENSMUSG00000023905,UP
ENSMUSG00000023915,UP
ENSMUSG00000023963,UP
ENSMUSG00000024036,UP
ENSMUSG00000024042,UP
ENSMUSG00000024053,UP
ENSMUSG00000024131,UP
ENSMUSG00000024190,UP
ENSMUSG00000024194,UP
ENSMUSG00000024211,UP
ENSMUSG00000024222,UP
ENSMUSG00000024338,UP
ENSMUSG00000024352,UP
ENSMUSG00000024378,UP
ENSMUSG00000024393,UP
ENSMUSG00000024421,UP
ENSMUSG00000024424,UP
ENSMUSG00000024521,UP
ENSMUSG00000024608,UP
ENSMUSG00000024666,UP
ENSMUSG00000024694,UP
ENSMUSG00000024769,UP
ENSMUSG00000024790,UP
ENSMUSG00000024799,UP
ENSMUSG00000024844,UP
ENSMUSG00000024856,UP
ENSMUSG00000024899,UP
ENSMUSG00000024906,UP
ENSMUSG00000024944,UP
ENSMUSG00000024955,UP
ENSMUSG00000024958,UP
ENSMUSG00000024992,UP
ENSMUSG00000024998,UP
ENSMUSG00000025003,UP
ENSMUSG00000025135,UP
ENSMUSG00000025142,UP
ENSMUSG00000025153,UP
ENSMUSG00000025172,UP
ENSMUSG00000025203,UP
ENSMUSG00000025226,UP
ENSMUSG00000025227,UP
ENSMUSG00000025350,UP
ENSMUSG00000025384,UP
ENSMUSG00000025402,UP
ENSMUSG00000025429,UP
ENSMUSG00000025464,UP
ENSMUSG00000025491,UP
ENSMUSG00000025492,UP
ENSMUSG00000025494,UP
ENSMUSG00000025508,UP
ENSMUSG00000025511,UP
ENSMUSG00000025656,UP
ENSMUSG00000025732,UP
ENSMUSG00000025817,UP
ENSMUSG00000025858,UP
ENSMUSG00000025933,UP
ENSMUSG00000025934,UP
ENSMUSG00000025981,UP
ENSMUSG00000025993,UP
ENSMUSG00000026072,UP
ENSMUSG00000026121,UP
ENSMUSG00000026185,UP
ENSMUSG00000026202,UP
ENSMUSG00000026211,UP
ENSMUSG00000026259,UP
ENSMUSG00000026358,UP
ENSMUSG00000026390,UP
ENSMUSG00000026435,UP
ENSMUSG00000026458,UP
ENSMUSG00000026471,UP
ENSMUSG00000026475,UP
ENSMUSG00000026542,UP
ENSMUSG00000026628,UP
ENSMUSG00000026638,UP
ENSMUSG00000026675,UP
ENSMUSG00000026688,UP
ENSMUSG00000026691,UP
ENSMUSG00000026709,UP
ENSMUSG00000026810,UP
ENSMUSG00000026819,UP
ENSMUSG00000026822,UP
ENSMUSG00000026832,UP
ENSMUSG00000026839,UP
ENSMUSG00000026941,UP
ENSMUSG00000027075,UP
ENSMUSG00000027076,UP
ENSMUSG00000027222,UP
ENSMUSG00000027246,UP
ENSMUSG00000027313,UP
ENSMUSG00000027329,UP
ENSMUSG00000027346,UP
ENSMUSG00000027353,UP
ENSMUSG00000027364,UP
ENSMUSG00000027398,UP
ENSMUSG00000027399,UP
ENSMUSG00000027459,UP
ENSMUSG00000027463,UP
ENSMUSG00000027488,UP
ENSMUSG00000027556,UP
ENSMUSG00000027605,UP
ENSMUSG00000027613,UP
ENSMUSG00000027636,UP
ENSMUSG00000027646,UP
ENSMUSG00000027801,UP
ENSMUSG00000027878,UP
ENSMUSG00000027947,UP
ENSMUSG00000027952,UP
ENSMUSG00000027953,UP
ENSMUSG00000027954,UP
ENSMUSG00000027961,UP
ENSMUSG00000027995,UP
ENSMUSG00000028036,UP
ENSMUSG00000028041,UP
ENSMUSG00000028049,UP
ENSMUSG00000028051,UP
ENSMUSG00000028088,UP
ENSMUSG00000028111,UP
ENSMUSG00000028150,UP
ENSMUSG00000028152,UP
ENSMUSG00000028182,UP
ENSMUSG00000028195,UP
ENSMUSG00000028238,UP
ENSMUSG00000028240,UP
ENSMUSG00000028337,UP
ENSMUSG00000028359,UP
ENSMUSG00000028378,UP
ENSMUSG00000028407,UP
ENSMUSG00000028413,UP
ENSMUSG00000028438,UP
ENSMUSG00000028439,UP
ENSMUSG00000028443,UP
ENSMUSG00000028444,UP
ENSMUSG00000028445,UP
ENSMUSG00000028454,UP
ENSMUSG00000028497,UP
ENSMUSG00000028525,UP
ENSMUSG00000028542,UP
ENSMUSG00000028555,UP
ENSMUSG00000028597,UP
ENSMUSG00000028680,UP
ENSMUSG00000028716,UP
ENSMUSG00000028743,UP
ENSMUSG00000028744,UP
ENSMUSG00000028789,UP
ENSMUSG00000028838,UP
ENSMUSG00000028857,UP
ENSMUSG00000028859,UP
ENSMUSG00000028862,UP
ENSMUSG00000028885,UP
ENSMUSG00000028957,UP
ENSMUSG00000028958,UP
ENSMUSG00000028959,UP
ENSMUSG00000028973,UP
ENSMUSG00000028977,UP
ENSMUSG00000028978,UP
ENSMUSG00000028988,UP
ENSMUSG00000029028,UP
ENSMUSG00000029032,UP
ENSMUSG00000029059,UP
ENSMUSG00000029096,UP
ENSMUSG00000029102,UP
ENSMUSG00000029135,UP
ENSMUSG00000029162,UP
ENSMUSG00000029269,UP
ENSMUSG00000029272,UP
ENSMUSG00000029380,UP
ENSMUSG00000029386,UP
ENSMUSG00000029403,UP
ENSMUSG00000029482,UP
ENSMUSG00000029575,UP
ENSMUSG00000029580,UP
ENSMUSG00000029581,UP
ENSMUSG00000029648,UP
ENSMUSG00000029650,UP
ENSMUSG00000029661,UP
ENSMUSG00000029674,UP
ENSMUSG00000029675,UP
ENSMUSG00000029715,UP
ENSMUSG00000029718,UP
ENSMUSG00000029771,UP
ENSMUSG00000029822,UP
ENSMUSG00000029860,UP
ENSMUSG00000030004,UP
ENSMUSG00000030022,UP
ENSMUSG00000030036,UP
ENSMUSG00000030042,UP
ENSMUSG00000030089,UP
ENSMUSG00000030103,UP
ENSMUSG00000030108,UP
ENSMUSG00000030109,UP
ENSMUSG00000030124,UP
ENSMUSG00000030170,UP
ENSMUSG00000030207,UP
ENSMUSG00000030218,UP
ENSMUSG00000030247,UP
ENSMUSG00000030255,UP
ENSMUSG00000030281,UP
ENSMUSG00000030341,UP
ENSMUSG00000030364,UP
ENSMUSG00000030411,UP
ENSMUSG00000030483,UP
ENSMUSG00000030494,UP
ENSMUSG00000030528,UP
ENSMUSG00000030555,UP
ENSMUSG00000030587,UP
ENSMUSG00000030670,UP
ENSMUSG00000030674,UP
ENSMUSG00000030695,UP
ENSMUSG00000030697,UP
ENSMUSG00000030720,UP
ENSMUSG00000030722,UP
ENSMUSG00000030747,UP
ENSMUSG00000030752,UP
ENSMUSG00000030782,UP
ENSMUSG00000030786,UP
ENSMUSG00000030787,UP
ENSMUSG00000030793,UP
ENSMUSG00000030800,UP
ENSMUSG00000030814,UP
ENSMUSG00000030869,UP
ENSMUSG00000030872,UP
ENSMUSG00000031016,UP
ENSMUSG00000031155,UP
ENSMUSG00000031156,UP
ENSMUSG00000031158,UP
ENSMUSG00000031220,UP
ENSMUSG00000031271,UP
ENSMUSG00000031347,UP
ENSMUSG00000031349,UP
ENSMUSG00000031371,UP
ENSMUSG00000031378,UP
ENSMUSG00000031487,UP
ENSMUSG00000031504,UP
ENSMUSG00000031549,UP
ENSMUSG00000031591,UP
ENSMUSG00000031604,UP
ENSMUSG00000031706,UP
ENSMUSG00000031722,UP
ENSMUSG00000031750,UP
ENSMUSG00000031762,UP
ENSMUSG00000031765,UP
ENSMUSG00000031767,UP
ENSMUSG00000031781,UP
ENSMUSG00000031803,UP
ENSMUSG00000031805,UP
ENSMUSG00000031807,UP
ENSMUSG00000031808,UP
ENSMUSG00000031832,UP
ENSMUSG00000031877,UP
ENSMUSG00000031886,UP
ENSMUSG00000031897,UP
ENSMUSG00000031906,UP
ENSMUSG00000032010,UP
ENSMUSG00000032018,UP
ENSMUSG00000032051,UP
ENSMUSG00000032081,UP
ENSMUSG00000032114,UP
ENSMUSG00000032125,UP
ENSMUSG00000032172,UP
ENSMUSG00000032184,UP
ENSMUSG00000032193,UP
ENSMUSG00000032224,UP
ENSMUSG00000032245,UP
ENSMUSG00000032288,UP
ENSMUSG00000032500,UP
ENSMUSG00000032501,UP
ENSMUSG00000032515,UP
ENSMUSG00000032578,UP
ENSMUSG00000032579,UP
ENSMUSG00000032625,UP
ENSMUSG00000032656,UP
ENSMUSG00000032788,UP
ENSMUSG00000032796,UP
ENSMUSG00000032883,UP
ENSMUSG00000032892,UP
ENSMUSG00000032997,UP
ENSMUSG00000033105,UP
ENSMUSG00000033174,UP
ENSMUSG00000033191,UP
ENSMUSG00000033272,UP
ENSMUSG00000033276,UP
ENSMUSG00000033287,UP
ENSMUSG00000033313,UP
ENSMUSG00000033475,UP
ENSMUSG00000033543,UP
ENSMUSG00000033594,UP
ENSMUSG00000033715,UP
ENSMUSG00000033728,UP
ENSMUSG00000033809,UP
ENSMUSG00000034127,UP
ENSMUSG00000034254,UP
ENSMUSG00000034371,UP
ENSMUSG00000034445,UP
ENSMUSG00000034509,UP
ENSMUSG00000034591,UP
ENSMUSG00000034595,UP
ENSMUSG00000034645,UP
ENSMUSG00000034675,UP
ENSMUSG00000034684,UP
ENSMUSG00000034708,UP
ENSMUSG00000034765,UP
ENSMUSG00000034774,UP
ENSMUSG00000034780,UP
ENSMUSG00000034785,UP
ENSMUSG00000034786,UP
ENSMUSG00000034793,UP
ENSMUSG00000034837,UP
ENSMUSG00000034848,UP
ENSMUSG00000034853,UP
ENSMUSG00000034881,UP
ENSMUSG00000034892,UP
ENSMUSG00000034926,UP
ENSMUSG00000034930,UP
ENSMUSG00000034957,UP
ENSMUSG00000035049,UP
ENSMUSG00000035126,UP
ENSMUSG00000035172,UP
ENSMUSG00000035186,UP
ENSMUSG00000035268,UP
ENSMUSG00000035342,UP
ENSMUSG00000035378,UP
ENSMUSG00000035486,UP
ENSMUSG00000035559,UP
ENSMUSG00000035561,UP
ENSMUSG00000035595,UP
ENSMUSG00000035621,UP
ENSMUSG00000035674,UP
ENSMUSG00000035686,UP
ENSMUSG00000035711,UP
ENSMUSG00000035722,UP
ENSMUSG00000035754,UP
ENSMUSG00000035781,UP
ENSMUSG00000035885,UP
ENSMUSG00000035891,UP
ENSMUSG00000036006,UP
ENSMUSG00000036057,UP
ENSMUSG00000036083,UP
ENSMUSG00000036114,UP
ENSMUSG00000036138,UP
ENSMUSG00000036151,UP
ENSMUSG00000036216,UP
ENSMUSG00000036390,UP
ENSMUSG00000036430,UP
ENSMUSG00000036504,UP
ENSMUSG00000036534,UP
ENSMUSG00000036537,UP
ENSMUSG00000036570,UP
ENSMUSG00000036661,UP
ENSMUSG00000036678,UP
ENSMUSG00000036752,UP
ENSMUSG00000036782,UP
ENSMUSG00000036835,UP
ENSMUSG00000036856,UP
ENSMUSG00000036867,UP
ENSMUSG00000036918,UP
ENSMUSG00000036948,UP
ENSMUSG00000037025,UP
ENSMUSG00000037035,UP
ENSMUSG00000037071,UP
ENSMUSG00000037095,UP
ENSMUSG00000037139,UP
ENSMUSG00000037152,UP
ENSMUSG00000037166,UP
ENSMUSG00000037169,UP
ENSMUSG00000037188,UP
ENSMUSG00000037278,UP
ENSMUSG00000037326,UP
ENSMUSG00000037349,UP
ENSMUSG00000037411,UP
ENSMUSG00000037443,UP
ENSMUSG00000037447,UP
ENSMUSG00000037465,UP
ENSMUSG00000037563,UP
ENSMUSG00000037573,UP
ENSMUSG00000037594,UP
ENSMUSG00000037601,UP
ENSMUSG00000037606,UP
ENSMUSG00000037686,UP
ENSMUSG00000037710,UP
ENSMUSG00000037847,UP
ENSMUSG00000037904,UP
ENSMUSG00000037977,UP
ENSMUSG00000038007,UP
ENSMUSG00000038034,UP
ENSMUSG00000038055,UP
ENSMUSG00000038068,UP
ENSMUSG00000038135,UP
ENSMUSG00000038146,UP
ENSMUSG00000038155,UP
ENSMUSG00000038167,UP
ENSMUSG00000038180,UP
ENSMUSG00000038208,UP
ENSMUSG00000038217,UP
ENSMUSG00000038253,UP
ENSMUSG00000038274,UP
ENSMUSG00000038296,UP
ENSMUSG00000038301,UP
ENSMUSG00000038370,UP
ENSMUSG00000038372,UP
ENSMUSG00000038387,UP
ENSMUSG00000038412,UP
ENSMUSG00000038415,UP
ENSMUSG00000038418,UP
ENSMUSG00000038451,UP
ENSMUSG00000038473,UP
ENSMUSG00000038489,UP
ENSMUSG00000038530,UP
ENSMUSG00000038534,UP
ENSMUSG00000038550,UP
ENSMUSG00000038569,UP
ENSMUSG00000038587,UP
ENSMUSG00000038641,UP
ENSMUSG00000038650,UP
ENSMUSG00000038690,UP
ENSMUSG00000038695,UP
ENSMUSG00000038775,UP
ENSMUSG00000038888,UP
ENSMUSG00000038893,UP
ENSMUSG00000039157,UP
ENSMUSG00000039195,UP
ENSMUSG00000039196,UP
ENSMUSG00000039201,UP
ENSMUSG00000039221,UP
ENSMUSG00000039286,UP
ENSMUSG00000039377,UP
ENSMUSG00000039410,UP
ENSMUSG00000039450,UP
ENSMUSG00000039452,UP
ENSMUSG00000039474,UP
ENSMUSG00000039533,UP
ENSMUSG00000039568,UP
ENSMUSG00000039632,UP
ENSMUSG00000039633,UP
ENSMUSG00000039662,UP
ENSMUSG00000039865,UP
ENSMUSG00000039886,UP
ENSMUSG00000040017,UP
ENSMUSG00000040026,UP
ENSMUSG00000040152,UP
ENSMUSG00000040188,UP
ENSMUSG00000040212,UP
ENSMUSG00000040280,UP
ENSMUSG00000040345,UP
ENSMUSG00000040350,UP
ENSMUSG00000040435,UP
ENSMUSG00000040447,UP
ENSMUSG00000040488,UP
ENSMUSG00000040584,UP
ENSMUSG00000040591,UP
ENSMUSG00000040658,UP
ENSMUSG00000040659,UP
ENSMUSG00000040660,UP
ENSMUSG00000040699,UP
ENSMUSG00000040706,UP
ENSMUSG00000040711,UP
ENSMUSG00000040721,UP
ENSMUSG00000040767,UP
ENSMUSG00000040875,UP
ENSMUSG00000040883,UP
ENSMUSG00000040891,UP
ENSMUSG00000040913,UP
ENSMUSG00000041078,UP
ENSMUSG00000041237,UP
ENSMUSG00000041263,UP
ENSMUSG00000041378,UP
ENSMUSG00000041598,UP
ENSMUSG00000041633,UP
ENSMUSG00000041695,UP
ENSMUSG00000041697,UP
ENSMUSG00000041736,UP
ENSMUSG00000041762,UP
ENSMUSG00000041798,UP
ENSMUSG00000041881,UP
ENSMUSG00000041920,UP
ENSMUSG00000041939,UP
ENSMUSG00000042029,UP
ENSMUSG00000042066,UP
ENSMUSG00000042115,UP
ENSMUSG00000042165,UP
ENSMUSG00000042178,UP
ENSMUSG00000042216,UP
ENSMUSG00000042249,UP
ENSMUSG00000042293,UP
ENSMUSG00000042340,UP
ENSMUSG00000042379,UP
ENSMUSG00000042380,UP
ENSMUSG00000042607,UP
ENSMUSG00000042622,UP
ENSMUSG00000042694,UP
ENSMUSG00000042737,UP
ENSMUSG00000042745,UP
ENSMUSG00000042747,UP
ENSMUSG00000042787,UP
ENSMUSG00000042821,UP
ENSMUSG00000042834,UP
ENSMUSG00000042854,UP
ENSMUSG00000042992,UP
ENSMUSG00000043013,UP
ENSMUSG00000043085,UP
ENSMUSG00000043091,UP
ENSMUSG00000043099,UP
ENSMUSG00000043165,UP
ENSMUSG00000043192,UP
ENSMUSG00000043257,UP
ENSMUSG00000043311,UP
ENSMUSG00000043421,UP
ENSMUSG00000043424,UP
ENSMUSG00000043439,UP
ENSMUSG00000043572,UP
ENSMUSG00000043633,UP
ENSMUSG00000043801,UP
ENSMUSG00000043889,UP
ENSMUSG00000043895,UP
ENSMUSG00000043953,UP
ENSMUSG00000043993,UP
ENSMUSG00000044030,UP
ENSMUSG00000044042,UP
ENSMUSG00000044147,UP
ENSMUSG00000044231,UP
ENSMUSG00000044250,UP
ENSMUSG00000044254,UP
ENSMUSG00000044258,UP
ENSMUSG00000044317,UP
ENSMUSG00000044328,UP
ENSMUSG00000044345,UP
ENSMUSG00000044424,UP
ENSMUSG00000044468,UP
ENSMUSG00000044505,UP
ENSMUSG00000044562,UP
ENSMUSG00000044786,UP
ENSMUSG00000044811,UP
ENSMUSG00000045107,UP
ENSMUSG00000045282,UP
ENSMUSG00000045288,UP
ENSMUSG00000045294,UP
ENSMUSG00000045319,UP
ENSMUSG00000045377,UP
ENSMUSG00000045382,UP
ENSMUSG00000045435,UP
ENSMUSG00000045503,UP
ENSMUSG00000045551,UP
ENSMUSG00000045658,UP
ENSMUSG00000045664,UP
ENSMUSG00000045665,UP
ENSMUSG00000045672,UP
ENSMUSG00000045680,UP
ENSMUSG00000045690,UP
ENSMUSG00000045730,UP
ENSMUSG00000045775,UP
ENSMUSG00000045776,UP
ENSMUSG00000045917,UP
ENSMUSG00000045968,UP
ENSMUSG00000046070,UP
ENSMUSG00000046223,UP
ENSMUSG00000046330,UP
ENSMUSG00000046380,UP
ENSMUSG00000046402,UP
ENSMUSG00000046470,UP
ENSMUSG00000046546,UP
ENSMUSG00000046687,UP
ENSMUSG00000046727,UP
ENSMUSG00000046791,UP
ENSMUSG00000046792,UP
ENSMUSG00000046794,UP
ENSMUSG00000046814,UP
ENSMUSG00000046840,UP
ENSMUSG00000046959,UP
ENSMUSG00000047040,UP
ENSMUSG00000047067,UP
ENSMUSG00000047109,UP
ENSMUSG00000047260,UP
ENSMUSG00000047554,UP
ENSMUSG00000047676,UP
ENSMUSG00000047721,UP
ENSMUSG00000047787,UP
ENSMUSG00000047822,UP
ENSMUSG00000047824,UP
ENSMUSG00000047904,UP
ENSMUSG00000048087,UP
ENSMUSG00000048200,UP
ENSMUSG00000048217,UP
ENSMUSG00000048277,UP
ENSMUSG00000048482,UP
ENSMUSG00000048489,UP
ENSMUSG00000048731,UP
ENSMUSG00000048916,UP
ENSMUSG00000048921,UP
ENSMUSG00000048965,UP
ENSMUSG00000049037,UP
ENSMUSG00000049107,UP
ENSMUSG00000049285,UP
ENSMUSG00000049422,UP
ENSMUSG00000049493,UP
ENSMUSG00000049562,UP
ENSMUSG00000049580,UP
ENSMUSG00000049686,UP
ENSMUSG00000049721,UP
ENSMUSG00000049760,UP
ENSMUSG00000049866,UP
ENSMUSG00000049892,UP
ENSMUSG00000049907,UP
ENSMUSG00000049932,UP
ENSMUSG00000050069,UP
ENSMUSG00000050106,UP
ENSMUSG00000050234,UP
ENSMUSG00000050299,UP
ENSMUSG00000050428,UP
ENSMUSG00000050621,UP
ENSMUSG00000050705,UP
ENSMUSG00000050777,UP
ENSMUSG00000050914,UP
ENSMUSG00000050953,UP
ENSMUSG00000051118,UP
ENSMUSG00000051256,UP
ENSMUSG00000051439,UP
ENSMUSG00000051502,UP
ENSMUSG00000051510,UP
ENSMUSG00000051934,UP
ENSMUSG00000052270,UP
ENSMUSG00000052560,UP
ENSMUSG00000052684,UP
ENSMUSG00000052776,UP
ENSMUSG00000052837,UP
ENSMUSG00000053062,UP
ENSMUSG00000053137,UP
ENSMUSG00000053168,UP
ENSMUSG00000053175,UP
ENSMUSG00000053303,UP
ENSMUSG00000053461,UP
ENSMUSG00000053560,UP
ENSMUSG00000053646,UP
ENSMUSG00000053746,UP
ENSMUSG00000053801,UP
ENSMUSG00000054065,UP
ENSMUSG00000054428,UP
ENSMUSG00000054434,UP
ENSMUSG00000054499,UP
ENSMUSG00000054612,UP
ENSMUSG00000054675,UP
ENSMUSG00000054757,UP
ENSMUSG00000055041,UP
ENSMUSG00000055093,UP
ENSMUSG00000055148,UP
ENSMUSG00000055254,UP
ENSMUSG00000055452,UP
ENSMUSG00000055612,UP
ENSMUSG00000055818,UP
ENSMUSG00000055839,UP
ENSMUSG00000055866,UP
ENSMUSG00000055912,UP
ENSMUSG00000056054,UP
ENSMUSG00000056071,UP
ENSMUSG00000056313,UP
ENSMUSG00000056394,UP
ENSMUSG00000056608,UP
ENSMUSG00000056643,UP
ENSMUSG00000056708,UP
ENSMUSG00000056978,UP
ENSMUSG00000057036,UP
ENSMUSG00000057068,UP
ENSMUSG00000057074,UP
ENSMUSG00000057103,UP
ENSMUSG00000057132,UP
ENSMUSG00000057359,UP
ENSMUSG00000057411,UP
ENSMUSG00000057465,UP
ENSMUSG00000057604,UP
ENSMUSG00000057667,UP
ENSMUSG00000058076,UP
ENSMUSG00000058258,UP
ENSMUSG00000058267,UP
ENSMUSG00000058351,UP
ENSMUSG00000058443,UP
ENSMUSG00000058454,UP
ENSMUSG00000058603,UP
ENSMUSG00000058806,UP
ENSMUSG00000058818,UP
ENSMUSG00000058838,UP
ENSMUSG00000058922,UP
ENSMUSG00000058927,UP
ENSMUSG00000059040,UP
ENSMUSG00000059060,UP
ENSMUSG00000059070,UP
ENSMUSG00000059195,UP
ENSMUSG00000059325,UP
ENSMUSG00000059355,UP
ENSMUSG00000059743,UP
ENSMUSG00000059775,UP
ENSMUSG00000059791,UP
ENSMUSG00000059866,UP
ENSMUSG00000059970,UP
ENSMUSG00000059995,UP
ENSMUSG00000060019,UP
ENSMUSG00000060032,UP
ENSMUSG00000060063,UP
ENSMUSG00000060419,UP
ENSMUSG00000060613,UP
ENSMUSG00000060639,UP
ENSMUSG00000060675,UP
ENSMUSG00000060807,UP
ENSMUSG00000060950,UP
ENSMUSG00000060981,UP
ENSMUSG00000061104,UP
ENSMUSG00000061111,UP
ENSMUSG00000061132,UP
ENSMUSG00000061232,UP
ENSMUSG00000061286,UP
ENSMUSG00000061360,UP
ENSMUSG00000061540,UP
ENSMUSG00000061718,UP
ENSMUSG00000061825,UP
ENSMUSG00000061878,UP
ENSMUSG00000062006,UP
ENSMUSG00000062061,UP
ENSMUSG00000062110,UP
ENSMUSG00000062209,UP
ENSMUSG00000062353,UP
ENSMUSG00000062382,UP
ENSMUSG00000062410,UP
ENSMUSG00000062456,UP
ENSMUSG00000062563,UP
ENSMUSG00000062683,UP
ENSMUSG00000062785,UP
ENSMUSG00000062825,UP
ENSMUSG00000063060,UP
ENSMUSG00000063160,UP
ENSMUSG00000063415,UP
ENSMUSG00000063445,UP
ENSMUSG00000063524,UP
ENSMUSG00000063605,UP
ENSMUSG00000063623,UP
ENSMUSG00000063696,UP
ENSMUSG00000063714,UP
ENSMUSG00000063730,UP
ENSMUSG00000063739,UP
ENSMUSG00000063765,UP
ENSMUSG00000063919,UP
ENSMUSG00000064080,UP
ENSMUSG00000064193,UP
ENSMUSG00000066170,UP
ENSMUSG00000066315,UP
ENSMUSG00000066362,UP
ENSMUSG00000066407,UP
ENSMUSG00000066441,UP
ENSMUSG00000066640,UP
ENSMUSG00000066724,UP
ENSMUSG00000067038,UP
ENSMUSG00000067071,UP
ENSMUSG00000067121,UP
ENSMUSG00000067144,UP
ENSMUSG00000067161,UP
ENSMUSG00000067279,UP
ENSMUSG00000067288,UP
ENSMUSG00000067547,UP
ENSMUSG00000067656,UP
ENSMUSG00000067719,UP
ENSMUSG00000067787,UP
ENSMUSG00000067825,UP
ENSMUSG00000067847,UP
ENSMUSG00000067869,UP
ENSMUSG00000067870,UP
ENSMUSG00000067925,UP
ENSMUSG00000068083,UP
ENSMUSG00000068101,UP
ENSMUSG00000068220,UP
ENSMUSG00000068240,UP
ENSMUSG00000068264,UP
ENSMUSG00000068396,UP
ENSMUSG00000068566,UP
ENSMUSG00000068706,UP
ENSMUSG00000068735,UP
ENSMUSG00000068854,UP
ENSMUSG00000068856,UP
ENSMUSG00000068877,UP
ENSMUSG00000069008,UP
ENSMUSG00000069324,UP
ENSMUSG00000069682,UP
ENSMUSG00000069792,UP
ENSMUSG00000069919,UP
ENSMUSG00000069972,UP
ENSMUSG00000070332,UP
ENSMUSG00000070343,UP
ENSMUSG00000070368,UP
ENSMUSG00000070392,UP
ENSMUSG00000070394,UP
ENSMUSG00000070436,UP
ENSMUSG00000070462,UP
ENSMUSG00000070509,UP
ENSMUSG00000070720,UP
ENSMUSG00000070729,UP
ENSMUSG00000070960,UP
ENSMUSG00000071005,UP
ENSMUSG00000071041,UP
ENSMUSG00000071074,UP
ENSMUSG00000071076,UP
ENSMUSG00000071078,UP
ENSMUSG00000071451,UP
ENSMUSG00000071497,UP
ENSMUSG00000071551,UP
ENSMUSG00000071645,UP
ENSMUSG00000071652,UP
ENSMUSG00000071657,UP
ENSMUSG00000071723,UP
ENSMUSG00000072235,UP
ENSMUSG00000072494,UP
ENSMUSG00000072594,UP
ENSMUSG00000072612,UP
ENSMUSG00000072692,UP
ENSMUSG00000072694,UP
ENSMUSG00000072940,UP
ENSMUSG00000073002,UP
ENSMUSG00000073155,UP
ENSMUSG00000073418,UP
ENSMUSG00000073437,UP
ENSMUSG00000073468,UP
ENSMUSG00000073481,UP
ENSMUSG00000073600,UP
ENSMUSG00000073680,UP
ENSMUSG00000073684,UP
ENSMUSG00000073700,UP
ENSMUSG00000073758,UP
ENSMUSG00000073982,UP
ENSMUSG00000074024,UP
ENSMUSG00000074063,UP
ENSMUSG00000074115,UP
ENSMUSG00000074170,UP
ENSMUSG00000074183,UP
ENSMUSG00000074211,UP
ENSMUSG00000074227,UP
ENSMUSG00000074254,UP
ENSMUSG00000074336,UP
ENSMUSG00000074466,UP
ENSMUSG00000074529,UP
ENSMUSG00000074577,UP
ENSMUSG00000074623,UP
ENSMUSG00000074682,UP
ENSMUSG00000074743,UP
ENSMUSG00000074794,UP
ENSMUSG00000074800,UP
ENSMUSG00000074802,UP
ENSMUSG00000074825,UP
ENSMUSG00000075227,UP
ENSMUSG00000075419,UP
ENSMUSG00000075514,UP
ENSMUSG00000075543,UP
ENSMUSG00000075588,UP
ENSMUSG00000075591,UP
ENSMUSG00000075705,UP
ENSMUSG00000078126,UP
ENSMUSG00000078153,UP
ENSMUSG00000078193,UP
ENSMUSG00000078201,UP
ENSMUSG00000078202,UP
ENSMUSG00000078317,UP
ENSMUSG00000078570,UP
ENSMUSG00000078572,UP
ENSMUSG00000078588,UP
ENSMUSG00000078686,UP
ENSMUSG00000078695,UP
ENSMUSG00000078851,UP
ENSMUSG00000079003,UP
ENSMUSG00000079012,UP
ENSMUSG00000079037,UP
ENSMUSG00000079045,UP
ENSMUSG00000079227,UP
ENSMUSG00000079243,UP
ENSMUSG00000079283,UP
ENSMUSG00000079415,UP
ENSMUSG00000079429,UP
ENSMUSG00000079470,UP
ENSMUSG00000079491,UP
ENSMUSG00000079494,UP
ENSMUSG00000079507,UP
ENSMUSG00000079547,UP
ENSMUSG00000079592,UP
ENSMUSG00000079677,UP
ENSMUSG00000079710,UP
ENSMUSG00000079941,UP
ENSMUSG00000080776,UP
ENSMUSG00000080893,UP
ENSMUSG00000081051,UP
ENSMUSG00000081058,UP
ENSMUSG00000081094,UP
ENSMUSG00000081208,UP
ENSMUSG00000081221,UP
ENSMUSG00000081485,UP
ENSMUSG00000081895,UP
ENSMUSG00000082016,UP
ENSMUSG00000082100,UP
ENSMUSG00000082454,UP
ENSMUSG00000082575,UP
ENSMUSG00000083621,UP
ENSMUSG00000083716,UP
ENSMUSG00000083836,UP
ENSMUSG00000083992,UP
ENSMUSG00000084106,UP
ENSMUSG00000084384,UP
ENSMUSG00000084416,UP
ENSMUSG00000084817,UP
ENSMUSG00000084839,UP
ENSMUSG00000085001,UP
ENSMUSG00000085023,UP
ENSMUSG00000085105,UP
ENSMUSG00000085156,UP
ENSMUSG00000085189,UP
ENSMUSG00000085241,UP
ENSMUSG00000085436,UP
ENSMUSG00000085445,UP
ENSMUSG00000085651,UP
ENSMUSG00000085834,UP
ENSMUSG00000085890,UP
ENSMUSG00000085894,UP
ENSMUSG00000086010,UP
ENSMUSG00000086040,UP
ENSMUSG00000086245,UP
ENSMUSG00000086265,UP
ENSMUSG00000086320,UP
ENSMUSG00000086714,UP
ENSMUSG00000086765,UP
ENSMUSG00000086784,UP
ENSMUSG00000086859,UP
ENSMUSG00000087002,UP
ENSMUSG00000087006,UP
ENSMUSG00000087165,UP
ENSMUSG00000087213,UP
ENSMUSG00000087412,UP
ENSMUSG00000087679,UP
ENSMUSG00000089665,UP
ENSMUSG00000089712,UP
ENSMUSG00000089762,UP
ENSMUSG00000089844,UP
ENSMUSG00000089943,UP
ENSMUSG00000090038,UP
ENSMUSG00000090124,UP
ENSMUSG00000090165,UP
ENSMUSG00000090264,UP
ENSMUSG00000090523,UP
ENSMUSG00000090555,UP
ENSMUSG00000090622,UP
ENSMUSG00000090698,UP
ENSMUSG00000090925,UP
ENSMUSG00000090958,UP
ENSMUSG00000091021,UP
ENSMUSG00000091050,UP
ENSMUSG00000091119,UP
ENSMUSG00000091478,UP
ENSMUSG00000091811,UP
ENSMUSG00000091845,UP
ENSMUSG00000091957,UP
ENSMUSG00000091971,UP
ENSMUSG00000092006,UP
ENSMUSG00000092021,UP
ENSMUSG00000092035,UP
ENSMUSG00000092075,UP
ENSMUSG00000092187,UP
ENSMUSG00000092203,UP
ENSMUSG00000092274,UP
ENSMUSG00000092471,UP
ENSMUSG00000093577,UP
ENSMUSG00000093593,UP
ENSMUSG00000093661,UP
ENSMUSG00000093674,UP
ENSMUSG00000093930,UP
ENSMUSG00000094156,UP
ENSMUSG00000094388,UP
ENSMUSG00000094446,UP
ENSMUSG00000094683,UP
ENSMUSG00000094800,UP
ENSMUSG00000095061,UP
ENSMUSG00000095098,UP
ENSMUSG00000095588,UP
ENSMUSG00000095597,UP
ENSMUSG00000096006,UP
ENSMUSG00000096215,UP
ENSMUSG00000096370,UP
ENSMUSG00000096592,UP
ENSMUSG00000096727,UP
ENSMUSG00000096935,UP
ENSMUSG00000096942,UP
ENSMUSG00000096979,UP
ENSMUSG00000096990,UP
ENSMUSG00000097006,UP
ENSMUSG00000097062,UP
ENSMUSG00000097167,UP
ENSMUSG00000097204,UP
ENSMUSG00000097224,UP
ENSMUSG00000097318,UP
ENSMUSG00000097321,UP
ENSMUSG00000097327,UP
ENSMUSG00000097328,UP
ENSMUSG00000097426,UP
ENSMUSG00000097445,UP
ENSMUSG00000097503,UP
ENSMUSG00000097542,UP
ENSMUSG00000097815,UP
ENSMUSG00000097867,UP
ENSMUSG00000097989,UP
ENSMUSG00000097994,UP
ENSMUSG00000098050,UP
ENSMUSG00000098178,UP
ENSMUSG00000098274,UP
ENSMUSG00000098306,UP
ENSMUSG00000098708,UP
ENSMUSG00000099032,UP
ENSMUSG00000099707,UP
ENSMUSG00000099927,UP
ENSMUSG00000100017,UP
ENSMUSG00000100075,UP
ENSMUSG00000100277,UP
ENSMUSG00000100680,UP
ENSMUSG00000100801,UP
ENSMUSG00000101188,UP
ENSMUSG00000101795,UP
ENSMUSG00000102095,UP
ENSMUSG00000102101,UP
ENSMUSG00000102752,UP
ENSMUSG00000102758,UP
ENSMUSG00000103039,UP
ENSMUSG00000103313,UP
ENSMUSG00000103436,UP
ENSMUSG00000103653,UP
ENSMUSG00000103703,UP
ENSMUSG00000103711,UP
ENSMUSG00000103906,UP
ENSMUSG00000104445,UP
ENSMUSG00000104523,UP
ENSMUSG00000104528,UP
ENSMUSG00000105509,UP
ENSMUSG00000105703,UP
ENSMUSG00000105987,UP
ENSMUSG00000106019,UP
ENSMUSG00000106037,UP
ENSMUSG00000106535,UP
ENSMUSG00000107121,UP
ENSMUSG00000107176,UP
ENSMUSG00000107331,UP
ENSMUSG00000107369,UP
ENSMUSG00000107383,UP
ENSMUSG00000107879,UP
ENSMUSG00000107994,UP
ENSMUSG00000108298,UP
ENSMUSG00000108435,UP
ENSMUSG00000108443,UP
ENSMUSG00000108591,UP
ENSMUSG00000108799,UP
ENSMUSG00000109168,UP
ENSMUSG00000109325,UP
ENSMUSG00000109587,UP
ENSMUSG00000109904,UP
ENSMUSG00000109926,UP
ENSMUSG00000110057,UP
ENSMUSG00000110156,UP
ENSMUSG00000110234,UP
ENSMUSG00000110350,UP
ENSMUSG00000110386,UP
ENSMUSG00000110588,UP
ENSMUSG00000110750,UP
ENSMUSG00000110755,UP
ENSMUSG00000110841,UP
ENSMUSG00000110949,UP
ENSMUSG00000111013,UP
ENSMUSG00000111394,UP
ENSMUSG00000111403,UP
ENSMUSG00000111771,UP
ENSMUSG00000112249,UP
ENSMUSG00000112294,UP
ENSMUSG00000112388,UP
ENSMUSG00000112693,UP
ENSMUSG00000112825,UP
ENSMUSG00000113175,UP
ENSMUSG00000113622,UP
ENSMUSG00000113630,UP
ENSMUSG00000113637,UP
ENSMUSG00000113902,UP
ENSMUSG00000113948,UP
ENSMUSG00000114003,UP
ENSMUSG00000114133,UP
ENSMUSG00000114687,UP
ENSMUSG00000115219,UP
ENSMUSG00000115338,UP
ENSMUSG00000115388,UP
ENSMUSG00000115946,UP
ENSMUSG00000116846,UP
ENSMUSG00000116903,UP
ENSMUSG00000117621,UP
ENSMUSG00000117679,UP
ENSMUSG00000117814,UP
ENSMUSG00000117879,UP
ENSMUSG00000117975,UP